mag_1,mag_2,mag_3,mag_4,x_1,y_1,z_1,x_2,y_2,z_2,x_3,y_3,z_3,x_4,y_4,z_4,avg_mag,max_mag,min_mag,range_mag,std_mag,left_right_diff,top_bottom_diff,diag1_diff,diag2_diff,strongest_sensor,rssi,label
2102.5712829771073,3413.126719007075,3034.085859035634,1609.949688654897,691,1765,-910,1091,-2728,1737,-52,-1957,2318,-33,-332,1575,2539.933387418678,3413.126719007075,1609.949688654897,1803.1770303521776,718.1240404525378,56.790367175384745,435.83122714682577,492.6215943222103,379.040859971441,2,-46,batteries
1786.4839769782432,3452.197705810025,3020.9121139152658,1083.8528497909667,620,1570,-585,1172,-2802,1641,-470,-2041,2177,56,-376,1015,2335.8616616236254,3452.197705810025,1083.8528497909667,2368.344856019058,946.6839745960194,135.6727676462583,566.9583595410181,702.6311271872764,431.28559189475936,2,-45,batteries
580.9345918431782,2834.3422517402514,3034.306675337877,1342.846975645401,-526,245,28,2086,-1732,826,1528,-2508,763,870,-303,977,1948.107623641677,3034.306675337877,580.9345918431782,2453.372083494699,1024.7856784270448,-280.97398010229836,-480.9384036999245,-761.9123838022228,-199.96442359762568,3,-63,Knife
4411.967021635588,3672.458577029835,2060.4392735530937,2965.902729355769,3438,2235,-1628,1192,-3162,1438,703,-1551,1160,-1825,-1423,1855,3277.691900393572,4411.967021635588,2060.4392735530937,2351.5277480824943,869.0997100991225,-82.97750559846145,1529.0417978782798,1446.0642922798188,1612.0193034767412,1,-72,keys
830.6653959326824,2843.4523030991745,3301.466795229054,1742.314265567495,-521,242,600,2120,-1686,865,1383,-2695,1313,-1725,3,-245,2179.4746899571014,3301.466795229054,830.6653959326824,2470.8013992963715,963.084667013444,-226.8171887524668,-684.8316808823463,-911.6488696348129,-458.0144921298793,3,-65,Knife
2131.9373818196445,3494.215791848008,3383.7708255731504,1143.2086423746105,822,1852,-663,1246,-2818,1648,-652,-2095,2576,-401,-266,1037,2538.283160403854,3494.215791848008,1143.2086423746105,2351.0071494733975,966.9548063949144,439.1418865850883,549.5868528599458,988.728739445034,110.4449662748575,2,-42,batteries
5573.371152184286,1929.9588078505717,4312.464492607446,2173.674078605162,-431,87,-5556,-153,-1646,996,195,-2690,-3365,2125,-247,385,3497.3671328118667,5573.371152184286,1929.9588078505717,3643.4123443337144,1515.182212912791,2891.1013791679993,508.5956944111249,3399.697073579124,-2382.5056847568744,1,-57,screwdriver
7006.0526689427625,2006.5216171275104,5984.355604407211,2612.376121464901,1830,-4207,-5295,-131,-1538,1282,-1468,-5428,-2048,1566,-2037,-472,4402.326502985597,7006.0526689427625,2006.5216171275104,4999.531051815252,2134.5965335656783,4185.755267378781,207.92128009908083,4393.676547477861,-3977.833987279701,1,-75,magnet
2146.537677284049,2058.3007554776827,2204.493139023118,15131.451318363352,-1066,822,-1672,197,-1577,1308,706,-1927,805,14887,145,2705,5385.19572253705,15131.451318363352,2058.3007554776827,13073.150562885668,5627.244066145404,-6419.360628766934,-6565.55301231237,-12984.913641079303,-146.1923835454354,4,-62,scissors
15509.721112902063,1157.7897045664208,9919.286315053114,5892.157075299334,-1146,-12297,-9382,-662,-388,867,1500,-7660,-6121,4357,-3221,-2315,8119.738551955234,15509.721112902063,1157.7897045664208,14351.931408335642,5274.49204643366,9189.53032404471,428.0337135580175,9617.56403760273,-8761.496610486693,1,-74,magnet
575.5154211661056,2847.386521004832,3090.9707213107017,3841.731120211304,-537,207,0,2096,-1737,835,1318,-2620,976,-2452,-437,2925,2588.9009459232357,3841.731120211304,575.5154211661056,3266.215699045198,1218.8307479702728,-1511.3157493696642,-1754.899949675534,-3266.215699045198,-243.58420030586967,4,-64,Knife
586.0187710304167,2561.972287125682,2724.0868194681316,878.548803425285,207,515,-188,862,-2097,1193,42,-2161,1658,230,-208,822,1687.6566702623788,2724.0868194681316,586.0187710304167,2138.068048437715,962.6625646190364,-65.2077500262094,-227.32228236865876,-292.5300323948683,-162.11453234244937,3,-65,usb
1774.7273029961532,3449.844199380604,3006.675572787992,1061.933142904957,668,1532,-597,1170,-2797,1646,-515,-2072,2117,61,-366,995,2323.2950545174263,3449.844199380604,1061.933142904957,2387.911056475647,952.3762857478488,134.81276674929222,577.9813933419039,712.7941600911961,443.1686265926119,2,-44,batteries
925.0994541129078,2783.737595392209,3528.447392267596,1039.516714632333,-825,260,328,2071,-1615,923,1881,-2776,1098,-883,-291,465,2069.2002891012617,3528.447392267596,925.0994541129078,2603.347938154689,1119.0599463760889,315.1462681779806,-429.5635286974066,-114.41726051942555,-744.7097968753869,3,-63,Knife
6315.30949360362,1880.056914032126,3778.3500367223783,3988.1305144139906,-1303,890,-6115,-167,-1450,1185,400,-1540,-3427,3198,-891,2210,3990.461739693029,6315.30949360362,1880.056914032126,4435.252579571494,1573.5090098395017,2112.736050939941,214.44292824968807,2327.178979189629,-1898.2931226902529,1,-61,screwdriver
5208.085828785851,3896.235875816555,7402.223044464413,2813.995202554546,1778,995,4793,1345,-3550,877,-515,-2900,6791,-2048,-296,1907,4830.134987905341,7402.223044464413,2813.995202554546,4588.2278419098675,1709.9320888891086,2950.0388974395814,-555.9482712082763,2394.090626231305,-3505.9871686478577,3,-57,screwdriver
516.1530780689001,2554.0285824555685,2149.1012074818627,884.2047274245937,105,485,-142,857,-2063,1238,18,-1866,1066,197,-160,847,1525.8718988577311,2554.0285824555685,516.1530780689001,2037.8755043866688,848.0550974295844,-386.4895121646998,18.437862809005992,-368.0516493556936,404.9273749737058,2,-64,usb
3403.4481044963795,4493.7158343624715,8139.122372836029,3612.052048351463,2017,407,2711,1347,-4217,772,-1883,-3110,7282,-1230,-546,3352,4912.0845900115855,8139.122372836029,3403.4481044963795,4735.67426833965,1907.542523921999,1718.4012973092372,-1927.0052411643203,-208.60394385508337,-3645.4065384735577,3,-61,screwdriver
2122.341395723129,3462.6455204077706,3892.6465290339424,937.669984589461,898,1827,-600,1268,-2767,1651,-542,-2393,3022,-421,-172,820,2603.825857438576,3892.6465290339424,937.669984589461,2954.9765444444815,1162.5975890798438,807.3362098799198,377.335201253748,1184.6714111336682,-430.0010086261718,3,-44,batteries
2732.4613446488133,3743.7166025221513,6430.384280896438,1850.4348137667537,2191,1342,930,1411,-3078,1597,-1743,-6188,-143,-1235,-222,1360,3689.249260458539,6430.384280896438,1850.4348137667537,4579.949467129684,1718.536410497643,1784.347104628173,-902.320573746113,882.0265308820597,-2686.667678374287,3,-73,keys
1786.1842010274304,3464.543981536387,3040.108386225728,1072.5432392216176,627,1565,-590,1180,-2808,1651,-457,-2051,2197,70,-368,1005,2340.8449520027907,3464.543981536387,1072.5432392216176,2392.0007423147695,957.5889831671273,144.60268324757635,569.038278558236,713.6409618058128,424.4355953106592,2,-46,batteries
3762.3198960216023,3760.9012217818217,18185.398345925776,3106.011912404716,2761,2097,-1461,1223,-3243,1460,-16657,7170,-1358,-1727,-1466,2125,7203.657844033479,18185.398345925776,3106.011912404716,15079.38643352106,6345.957505853227,7540.402553880421,-6884.0945702635345,656.3079836168863,-14424.497124143954,3,-68,keys
1822.2702873064688,3497.0929355680555,3367.045143742507,860.3284256608055,595,1610,-612,1253,-2861,1573,-672,-2153,2500,-26,-335,792,2386.6841980694594,3497.0929355680555,860.3284256608055,2636.76450990725,1100.2772553704556,415.947034910057,545.9948267356058,961.9418616456632,130.0477918255483,2,-46,batteries
1223.0425176583192,3473.7106960712777,2647.2389389701866,5542.387301515476,995,532,472,1736,-2713,1301,-893,-2420,595,3742,1998,3567,3221.594863553815,5542.387301515476,1223.0425176583192,4319.3447838571565,1563.1487565563543,-2572.908270479124,-1746.436513378033,-4319.3447838571565,826.471757101091,4,-67,scissors
4871.779243767107,3966.983992909474,5542.130817654885,13284.359600673268,2583,750,4062,1088,-3743,737,-1466,-2783,4563,-6031,1343,11760,6916.313413751183,13284.359600673268,3966.983992909474,9317.375607763794,3718.83900065134,-3418.716766080376,-4993.863590825787,-8412.58035690616,-1575.14682474541,4,-62,screwdriver
990.6089036547168,2811.0407325401743,3063.617796005239,1396.6023055974094,-916,235,295,2027,-1686,975,1588,-2417,1011,-855,-393,1032,2065.467434449385,3063.617796005239,990.6089036547168,2073.0088923505223,888.0998126500621,-76.70816923881398,-329.2852327038786,-405.9934019426927,-252.57706346506484,3,-59,Knife
531.6135814668395,2550.024509686132,2423.9830857495685,905.7908147028209,132,495,-142,840,-2071,1228,211,-1983,1378,212,-123,872,1602.8529979013404,2550.024509686132,531.6135814668395,2018.4109282192928,895.1030762536155,-250.1093285862723,-124.06790464970868,-374.17723323598136,126.04142393656366,2,-64,usb
1813.928333755223,3372.226712426079,3050.6055136644595,1000.5463507504288,636,1612,-536,1137,-2662,1730,-483,-1973,2276,23,-342,940,2309.3267276490474,3372.226712426079,1000.5463507504288,2371.68036167565,953.6215522762382,245.8803921215872,567.501590883207,813.3819830047944,321.6211987616193,2,-45,batteries
1269.4128564025182,1775.2988480816407,3881.784383502,1029.1146680521078,-948,812,-231,571,-598,1571,-3425,340,1795,702,152,-737,1988.9026890095668,3881.784383502,1029.1146680521078,2852.669715449892,1125.5539052619897,1173.3918618853847,-933.0936735349746,240.29818835041033,-2106.485535420359,3,-63,scissors
3518.9276775745193,2881.917590771811,4399.561114474943,1474.2194544910876,-648,942,3328,1000,-1732,2075,753,-2148,3765,-857,785,-907,3068.65645932809,4399.561114474943,1474.2194544910876,2925.341659983855,1066.6714745524928,1781.175873393282,263.53234969014966,2044.7082230834317,-1517.643523703132,3,-47,keys
396.46815761168006,2555.9360320634005,2670.640934307718,984.9695426763204,93,307,-233,842,-2081,1222,67,-2135,1603,186,-240,937,1652.0036666647798,2670.640934307718,396.46815761168006,2274.172776696038,984.3804576108384,-236.89824141016152,-351.603143654479,-588.5013850646405,-114.70490224431752,3,-64,usb
2127.685127080603,2783.6402425600904,2978.592620685145,1078.5439258555953,-2012,550,420,2010,-1653,988,1702,-2251,953,-122,-738,777,2242.1154790453584,2978.592620685145,1078.5439258555953,1900.0486948295495,742.0648075641393,622.0467896750308,427.0944115499767,1049.1412012250075,-194.95237812505457,3,-62,Knife
3581.762834136286,2901.9722603774144,4358.10715792992,1353.8364007515827,-842,830,3381,975,-1793,2063,843,-2143,3700,-485,808,-972,3048.919663298801,4358.10715792992,1353.8364007515827,3004.2707571783367,1105.9831087091377,1842.030665468604,385.895767916099,2227.926433384703,-1456.1348975525052,3,-45,keys
6238.275563006174,3631.282555792099,5329.838271467531,2181.784132310069,1637,2112,5637,1248,-3290,897,-136,-2382,4766,-1857,87,1142,4345.295130643968,6238.275563006174,2181.784132310069,4056.491430696105,1560.712490371567,2877.5235731857683,1178.9678575103371,4056.491430696105,-1698.5557156754317,1,-60,screwdriver
963.0856659716206,2811.159547233134,3048.1589525482427,1390.8741855394398,-901,217,262,2015,-1693,988,1552,-2420,1013,-855,-391,1025,2053.3195878231095,3048.1589525482427,963.0856659716206,2085.073286576622,893.2343870798619,-95.39455712635528,-332.3939624414638,-427.7885195678192,-236.99940531510856,3,-59,Knife
1033.280697584156,2748.848486184715,3811.939532573937,1340.815050631518,-1012,207,-26,1992,-1610,998,3113,-1915,1083,-791,-410,1002,2233.7209417435815,3811.939532573937,1033.280697584156,2778.65883498978,1117.415323152573,377.77834667092975,-685.3126997182917,-307.53435304736195,-1063.0910463892214,3,-61,Knife
1754.4851096546815,3400.1161744858073,3073.579346625039,1314.5862466951342,653,1572,-425,1118,-2721,1705,-340,-2043,2271,-8,-312,1277,2385.6917193651657,3400.1161744858073,1314.5862466951342,2085.529927790674,872.9168174302068,56.68101754938971,383.21784541015813,439.8988629595474,326.5368278607684,2,-42,batteries
7532.7244075433955,3559.3944709739603,5608.271123973947,1888.172926402664,1753,1912,7072,1248,-3216,877,86,-2597,4970,-1582,-88,1027,4647.140732223492,7532.7244075433955,1888.172926402664,5644.551481140732,2123.9974140542895,3846.7140670703593,1797.8374140703727,5644.551481140732,-2048.876652999987,1,-62,screwdriver
2473.1730630912184,2284.1867261675434,3815.017431152838,8482.403668772195,-1247,1590,1426,1140,-1490,1303,2847,-1705,1882,472,-5152,-6722,4263.695222295948,8482.403668772195,2284.1867261675434,6198.216942604651,2506.154235351587,-2239.199950347841,-3770.0306553331343,-6009.230605680976,-1530.8307049852947,4,-64,scissors
6677.606157898203,2034.9383283038335,2332.7918895606613,859.0162978663443,-4018,4190,3300,438,-1217,1571,1975,-1238,93,612,-31,602,2976.0881684072606,6677.606157898203,859.0162978663443,5818.589860031858,2206.967481379442,3058.221710644343,2760.368149387515,5818.589860031858,-297.8535612568278,1,-65,scissors
617.5378530908044,2509.781066148998,2822.387287386336,947.6249258013426,-303,470,-262,1350,-1890,951,346,-2315,1577,-470,-298,767,1724.3327831068702,2822.387287386336,617.5378530908044,2204.849434295532,955.369406618673,-8.740425736600173,-321.3466469739383,-330.0870727105381,-312.6062212373381,3,-62,empty
501.22749326029594,2536.9247131123147,1964.209255654804,885.7956875036139,91,472,-142,845,-2051,1231,13,-1755,882,200,-165,847,1472.0392873827573,2536.9247131123147,501.22749326029594,2035.6972198520189,815.8384254260549,-478.6418258504143,94.07363160709632,-384.5681942433179,572.7154574575106,2,-65,usb
626.422381464775,2504.8530895044523,2833.590831436324,944.4437516337327,-311,472,-270,1347,-1898,926,327,-2328,1582,-470,-293,765,1727.327513509821,2833.590831436324,626.422381464775,2207.1684499715493,955.6756306780971,5.358185881456848,-323.379556050415,-318.0213701689579,-328.7377419318718,3,-65,empty
8318.522044209536,2305.1989068191056,2759.366050381863,869.1472832610133,1713,3312,-7436,17,-1982,1177,-1951,-996,-1678,837,-232,32,3563.058571167879,8318.522044209536,869.1472832610133,7449.374760948523,2832.830893016226,3951.77095225564,3497.6038086928825,7449.374760948523,-454.1671435627573,1,-58,screwdriver
4064.62753521156,2894.8179562798073,4631.132582857027,1882.5084329160388,152,717,3998,1123,-1551,2171,260,-2258,4035,-1602,797,-585,3368.2716268161084,4631.132582857027,1882.5084329160388,2748.624149940988,1062.0004698612745,1959.2168644363703,222.90223785915077,2182.119102295521,-1736.3146265772198,3,-46,keys
3034.793238426631,3819.888218259796,6787.882585902617,1456.353322514835,2771,1180,373,1441,-3147,1616,-1895,-6511,302,-936,-113,1110,3774.72934127597,6787.882585902617,1456.353322514835,5331.529263387782,1936.717880877409,2273.217141777309,-694.7772258655127,1578.439915911796,-2967.994367642821,3,-71,keys
9154.828125093338,812.313363179506,6389.278597776121,10819.943484140756,-5397,-5162,-5295,-187,778,-140,3397,-4886,-2326,4762,-8193,-5222,6794.0908925474305,10819.943484140756,812.313363179506,10007.63012096125,3798.884861877767,1955.9249377745984,-3621.040296822018,-1665.115359047419,-5576.965234596615,4,-72,magnet
3081.3948140412,2920.8416595221315,3631.136048125986,782.0773619022609,-1121,2047,2012,872,-1946,1996,1285,-1530,3032,136,443,-630,2603.862470897894,3631.136048125986,782.0773619022609,2849.058686223725,1084.286047429142,1504.8059203713965,794.5115317675422,2299.317452138939,-710.2943886038543,3,-46,keys
2045.0290951475483,3467.2799137075735,3796.984856435432,1296.8939817887967,760,1760,-712,1243,-2790,1641,-535,-2345,2938,-266,-237,1247,2651.5469617698377,3796.984856435432,1296.8939817887967,2500.0908746466357,1022.3009388282604,538.9200280433051,209.21508531544623,748.1351133587516,-329.7049427278589,3,-45,batteries
3853.03166350862,3706.0854010667376,1568.5177716557755,2198.7400937809816,3388,1650,-803,1236,-3182,1443,-1468,-482,-270,-1408,-937,1405,2831.5937325030286,3853.03166350862,1568.5177716557755,2284.5138918528437,975.1840513716204,-241.6380298416616,1895.9295995693,1654.291569727638,2137.5676294109617,1,-72,keys
518.9874757641074,2537.9466109435793,2016.70176278001,890.5301791629523,140,482,-132,847,-2058,1220,6,-1773,961,212,-160,850,1491.0415071626624,2537.9466109435793,518.9874757641074,2018.959135179472,818.2041150703757,-446.393775781207,74.85107238236219,-371.5427033988449,521.2448481635693,2,-65,usb
615.0292675962665,2504.235012933091,2852.5570984644637,931.2776170401606,-281,470,-280,1330,-1913,918,327,-2347,1588,-465,-317,742,1725.7747490084955,2852.5570984644637,615.0292675962665,2237.5278308681973,967.0341336709184,16.036868043739105,-332.2852174876334,-316.2483494438941,-348.3220855313725,3,-66,empty
1797.3861577301634,3454.5415035862575,3040.518047964853,1071.2123972396885,633,1582,-572,1162,-2802,1653,-475,-2055,2190,46,-376,1002,2340.9145266302403,3454.5415035862575,1071.2123972396885,2383.329106346569,953.569178933294,156.07515243453508,570.0986080559401,726.1737604904749,414.02345562140454,2,-46,batteries
595.273046592906,2563.4172504686007,2730.231308882088,847.5476387790836,205,527,-186,852,-2100,1198,37,-2165,1663,232,-193,792,1684.1173111806695,2730.231308882088,595.273046592906,2134.958262289182,968.6270604219106,-42.73026688634536,-209.5443252998325,-252.27459218617764,-166.81405841348715,3,-65,usb
6645.357702938195,1917.6303084797132,4143.167508078813,1934.1639020517368,-785,-427,-6585,-91,-1641,988,202,-2608,-3213,1893,-271,290,3660.0798553871145,6645.357702938195,1917.6303084797132,4727.727394458481,1946.8033933064328,3468.365500242779,1242.8283006436795,4711.193800886458,-2225.5371995990995,1,-61,screwdriver
1976.608711910377,4328.350494125909,13092.012717684016,2302.952018605685,483,267,1898,1975,-3733,948,-438,-3117,12708,-938,-512,2040,5424.9809855814965,13092.012717684016,1976.608711910377,11115.404005773638,4517.308662918576,4218.6594584314,-4545.002765126708,-326.34330669530823,-8763.662223558107,3,-58,screwdriver
19656.880449349028,2274.51643212354,16622.16261501493,3208.6762067868426,12390,-6985,-13568,-815,-1060,1840,-7168,-7521,-12975,3007,-427,-1035,10440.558925818585,19656.880449349028,2274.51643212354,17382.36401722549,7780.378915355593,15397.925212726786,1050.2790298353957,16448.204242562184,-14347.64618289139,1,-71,magnet
3685.525607019981,2067.054425988827,11143.500033651904,1187.347463887467,-43,765,-3605,-763,-1636,1007,-112,-1357,-11060,1131,-213,-292,4520.856882637045,11143.500033651904,1187.347463887467,9956.152569764436,3927.168578850832,5787.311875397796,-3289.1337322652817,2498.1781431325144,-9076.445607663078,3,-62,screwdriver
613.2829689466356,2507.105502367222,2839.754390788049,945.6050972789856,-296,470,-260,1352,-1893,935,330,-2331,1588,-460,-312,765,1726.4369898452228,2839.754390788049,613.2829689466356,2226.471421841413,961.474035059796,0.163380044238238,-332.4855083765883,-332.3221283323501,-332.64888842082655,3,-61,empty
623.3377896453896,2490.7264000688633,2831.0600488156374,947.593794829831,-291,485,-262,1337,-1882,935,340,-2310,1601,-470,-303,765,1723.1795083399302,2831.0600488156374,623.3377896453896,2207.7222591702475,952.327744023745,8.038821781166462,-332.2948269656076,-324.2560051844414,-340.3336487467741,3,-61,empty
17402.742140249047,1863.810344428853,5522.062839193339,4916.826110409031,2715,-15160,-8103,42,-955,1600,623,-4340,-3357,3423,-3255,-1365,7426.360358570068,17402.742140249047,1863.810344428853,15538.931795820194,5924.404343447454,8072.084262302251,4413.831767537766,12485.916029840017,-3658.2524947644856,1,-74,magnet
1181.055883521182,2042.9657363744504,3741.772841849168,7058.254033399478,-757,780,462,1197,-1050,1280,3096,-1612,1348,131,-1333,-6930,3506.01212378607,7058.254033399478,1181.055883521182,5877.198149878296,2248.3289323106383,-2089.195522201789,-3788.002627676507,-5877.198149878296,-1698.807105474718,4,-63,scissors
1771.2295164658926,3454.041835299625,2073.9018781032046,1065.95497090637,627,1605,-410,1121,-2808,1670,-597,-1276,1522,48,-366,1000,2091.282050193773,3454.041835299625,1065.95497090637,2388.086864393255,867.6326333981044,-337.43270581844854,1042.7072513779715,705.2745455595227,1380.1399571964205,2,-45,batteries
3266.82690083206,2478.23283813285,11579.773054770978,666.2296901219579,617,787,-3110,-162,-2245,1037,-5448,-498,-10206,607,-218,167,4497.765620964461,11579.773054770978,666.2296901219579,10913.54336464902,4196.105923218594,5851.068713674115,-3250.471502964013,2600.597210710102,-9101.540216638128,3,-62,screwdriver
507.67706270817473,2555.857194758737,2365.558496423202,914.9661195913212,86,472,-166,845,-2066,1245,73,-1973,1303,197,-123,885,1586.0147183703589,2555.857194758737,507.67706270817473,2048.1801320505624,889.016486412143,-298.7938776093408,-108.49517927380587,-407.2890568831465,190.29869833553497,2,-63,usb
8846.33426906309,855.3753562033454,6201.062973394159,10477.473073217609,-5361,-4822,-5125,-103,797,-293,3366,-4851,-1895,3987,-8152,-5237,6595.06141796955,10477.473073217609,855.3753562033454,9622.09771701426,3648.307161302276,1857.274406518149,-3488.413210672664,-1631.138804154516,-5345.687617190813,4,-72,magnet
981.0020387338652,2819.084603200124,3071.339772802742,1384.9851984768643,-906,227,300,2043,-1683,970,1586,-2426,1016,-840,-410,1022,2064.1029033033988,3071.339772802742,981.0020387338652,2090.3377340688767,897.0551569298731,-75.86399507019041,-328.1191646728089,-403.9831597429993,-252.25516960261805,3,-58,Knife
609.866378807686,3204.605591956677,2750.4774131048594,7859.251172980795,53,602,-82,928,-2872,1077,-86,-2183,1671,-945,60,7802,3606.050139212504,7859.251172980795,609.866378807686,7249.384794173109,2643.8607458573683,-3851.7564865124623,-3397.6283076606455,-7249.384794173109,454.1281788518172,4,-67,scissors
4326.01433192263,4146.607046731098,5638.838976243248,8920.911612610003,2660,1380,3120,1061,-3898,935,-1690,-2377,4826,-2590,2408,8190,5758.092991876745,8920.911612610003,4146.607046731098,4774.304565878905,1914.7701812227804,-1551.3326755876114,-3043.564605099761,-4594.8972806873735,-1492.2319295121497,4,-61,screwdriver
1097.3012348484804,2764.2700664008935,2961.337704484242,1366.2990155891937,-1053,250,181,1982,-1673,956,1331,-2538,-746,-832,-393,1010,2047.3020053307025,2961.337704484242,1097.3012348484804,1864.0364696357617,823.9798231564195,-35.9650713286826,-233.03270941203095,-268.9977807407133,-197.06763808334836,3,-60,Knife
5188.386358011516,3605.197081991496,3383.513853968977,1959.7165611383705,4357,-620,2748,1325,-2986,1525,-2045,-2571,810,-1528,-656,1037,3534.20346377759,5188.386358011516,1959.7165611383705,3228.6697968731455,1144.8883686292245,1503.4932844253135,1725.1765124478325,3228.6697968731455,221.68322802251944,1,-75,keys
626.4319595933783,2503.003196162562,2827.461405572143,936.2099123594024,-298,482,-267,1345,-1896,928,337,-2315,1588,-460,-308,755,1723.2766184218715,2827.461405572143,626.4319595933783,2201.0294459787647,955.214607509998,7.340128321778593,-317.1180810878027,-309.7779527660241,-324.4582094095813,3,-59,empty
1394.0839286068826,2005.018952528878,16948.79160884339,3458.827547016474,-1281,530,-147,956,-1026,1433,-1272,-5848,15857,2220,648,-2572,5951.680509248906,16948.79160884339,1394.0839286068826,15554.707680236506,6393.3284066929255,6439.51451895246,-8504.25813736205,-2064.7436184095914,-14943.77265631451,3,-64,scissors
985.271536176703,2812.994489863071,3072.0999332704005,1404.2948408364962,-906,232,310,2020,-1693,983,1578,-2425,1033,-862,-410,1030,2068.6652000366676,3072.0999332704005,985.271536176703,2086.8283970936973,891.071989323676,-79.9589306262319,-339.0643740335613,-419.0233046597932,-259.1054434073294,3,-59,Knife
996.0040160561604,2814.266689565862,3064.13527769255,1383.843199210084,-926,222,292,2022,-1707,958,1578,-2420,1021,-847,-378,1027,2064.562295631164,3064.13527769255,996.0040160561604,2068.13126163639,889.7187912246079,-68.98529751361798,-318.8538856403054,-387.8391831539236,-249.86858812668743,3,-60,Knife
613.2829689466356,2502.6835597014656,2855.308039424118,943.6874482581612,-296,470,-260,1350,-1893,926,332,-2336,1608,-465,-311,760,1728.7405040825952,2855.308039424118,613.2829689466356,2242.025070477482,965.4915947558812,11.110000205563438,-341.51447951708906,-330.40447931152573,-352.62447972265227,3,-59,empty
10174.04585206888,3515.954066821693,5071.299044623576,1835.3062414757928,2628,2365,9540,1182,-3203,840,-120,-2775,4243,-1643,-170,800,5149.151301247485,10174.04585206888,1835.3062414757928,8338.739610593087,3118.674738869273,4947.042294197486,3391.6973163956022,8338.739610593087,-1555.3449778018835,1,-58,screwdriver
15018.94137414485,1322.9349946236966,16635.067628356668,3374.5669351784977,5148,-12370,-6786,-517,-692,1002,-1145,-12841,-10513,2982,-857,-1327,9087.877733075928,16635.067628356668,1322.9349946236966,15312.132633732972,6802.092458108955,13478.25353634966,-1833.8790973833093,11644.374438966352,-15312.132633732972,3,-74,magnet
4125.792287549144,2891.818804835462,4623.564425851553,1848.6546459520232,53,692,4067,1118,-1556,2166,288,-2248,4030,-1546,808,-612,3372.4575410470457,4623.564425851553,1848.6546459520232,2774.90977989953,1082.3320349296307,2004.4416313066056,272.696010290515,2277.137641597121,-1731.7456210160913,3,-46,keys
3286.7669524929815,2870.5011757531124,4374.603410596211,1376.6909602376272,-713,1032,3038,933,-1742,2082,901,-2127,3715,-970,723,-657,2977.140624769983,4374.603410596211,1376.6909602376272,2997.9124503585836,1074.893227415726,1707.0891135492266,202.9868787061282,1910.0759922553543,-1504.1022348430984,3,-47,keys
12250.554354803704,1846.818345154715,8988.633767152825,3009.733210768024,747,-9472,-7733,-665,-993,1408,-2232,-6772,-5473,2773,-991,-622,6523.934919469817,12250.554354803704,1846.818345154715,10403.736009648988,4274.749807476731,8191.318283016895,1049.5028610187846,9240.82114403568,-7141.815421998111,1,-73,magnet
628.5117341784479,2512.009156034269,2830.580505832682,955.504578743608,-303,487,-257,1345,-1901,942,356,-2307,1601,-482,-291,772,1731.6514936972517,2830.580505832682,628.5117341784479,2202.068771654234,953.4050054284784,-4.2107473833737,-322.7820971817864,-326.9928445651602,-318.57134979841294,3,-58,empty
991.699551275486,2779.244141848643,2889.124607904616,1357.8181026926986,-950,282,38,2002,-1663,975,1440,-2460,471,-825,-386,1007,2004.4716009303609,2889.124607904616,991.699551275486,1897.42505662913,840.6472810065326,-128.1190426806197,-237.9995087365928,-366.1185514172128,-109.8804660559731,3,-62,Knife
1825.5820989481683,2762.1046323410706,2943.2121907874734,1055.3004311569289,-1701,482,455,2002,-1633,977,1723,-2205,912,-523,-571,717,2146.5498383084105,2943.2121907874734,1055.3004311569289,1887.9117596305448,759.5103960171563,475.69461311882105,294.5870546724184,770.2816677912394,-181.1075584464029,3,-62,Knife
8311.951515739249,3518.2133249705025,3830.071670347698,809.0376999868424,-1685,3407,7392,1291,-2838,1630,-792,-2372,2901,-622,-103,507,4117.318552761073,8311.951515739249,809.0376999868424,7502.913815752407,2691.705116666658,3907.386080564801,3595.5277351876057,7502.913815752407,-311.85834537719484,1,-68,keys
1788.0864073081032,3459.5284360733326,3023.6524271152593,1083.7578142740194,632,1570,-577,1170,-2806,1651,-465,-2043,2180,51,-371,1017,2338.7562711926785,3459.5284360733326,1083.7578142740194,2375.770621799313,949.1405870348802,134.22629203800534,570.1023009960786,704.3285930340837,435.87600895807327,2,-46,batteries
1498.7241240468506,2534.0903693436035,7849.694516349028,4764.205285249576,-38,947,1161,1546,-1597,1217,3482,-2158,6696,-3332,-1448,-3082,4161.678573747265,7849.694516349028,1498.7241240468506,6350.970392302177,2434.3823546873105,1025.06149290135,-4290.542654104074,-3265.4811612027256,-5315.604147005424,3,-63,scissors
497.1257386215282,2560.025976430708,2700.914104520912,886.9689960759621,103,470,-125,832,-2097,1210,62,-2158,1623,215,-208,835,1661.2587039122775,2700.914104520912,497.1257386215282,2203.7883658993837,980.2290643904106,-124.47756468211468,-265.3656927723189,-389.84325745443385,-140.8881280902042,3,-62,usb
4891.878371341626,4105.181116589133,5301.958694671244,18236.81334553819,3036,907,3727,992,-3908,772,-1791,-2662,4221,-256,4135,17760,8133.957882035049,18236.81334553819,4105.181116589133,14131.63222894906,5848.718442811201,-6074.078698057228,-7270.85627613934,-13344.934974196569,-1196.7775780821112,4,-60,screwdriver
1171.59933424358,2779.7708538654765,3238.523274580561,1361.9504396269344,-1116,270,-233,2007,-1666,961,1852,-2527,820,-806,-388,1027,2137.960975579138,3238.523274580561,1171.59933424358,2066.923940336981,888.7075542048129,134.20065766586504,-324.5517630492195,-190.35110538335448,-458.75242071508455,3,-61,Knife
1813.6694847738936,3357.052427353496,3052.230823512534,1000.5023738102774,636,1615,-526,1126,-2670,1695,-481,-1976,2276,21,-342,940,2305.86377736255,3357.052427353496,1000.5023738102774,2356.550053543219,949.7743101638998,254.17275356132677,558.9943574022891,813.167110963616,304.8216038409623,2,-45,batteries
1213.2258652040025,1714.74021356006,5488.305385089281,646.5624486466871,-931,760,-166,522,-585,1525,-3586,1890,3700,487,93,-415,2265.708478125008,5488.305385089281,646.5624486466871,4841.742936442594,1898.555396124238,2170.114294043268,-1603.4508774859528,566.6634165573151,-3773.565171529221,3,-64,scissors
600.1691428255871,2566.863650449708,2723.981461023551,864.3951642622719,197,515,-237,865,-2092,1210,21,-2165,1653,217,-221,807,1688.8523546402798,2723.981461023551,600.1691428255871,2123.812318197964,962.7248954015804,-53.554105431420794,-210.6719160052639,-264.22602143668485,-157.11781057384314,3,-65,usb
3051.3225001628393,4063.230242061112,9150.939678524825,2188.6228546736875,1030,230,2863,1700,-3608,776,342,-4163,8142,-1462,-451,1565,4613.528818855615,9150.939678524825,2188.6228546736875,6962.316823851135,2702.3870628739896,2975.2045409764314,-2112.5048954872796,862.6996454891519,-5087.7094364637105,3,-58,screwdriver
1822.4387506854655,3485.0909600755044,3367.4194867880656,845.201159488083,587,1605,-633,1263,-2843,1571,-665,-2165,2492,-21,-320,782,2380.0375892592792,3485.0909600755044,845.201159488083,2639.8898005874216,1102.5771282376922,429.7830589549717,547.4545322424106,977.2375911973824,117.67147328743886,2,-44,batteries
2096.0047709869364,3480.32326084805,3876.600185729759,973.5116845729176,856,1810,-620,1256,-2785,1667,-547,-2396,2998,-411,-198,860,2606.609975534416,3876.600185729759,973.5116845729176,2903.088501156841,1151.5183174593765,759.3850056478641,363.1080807661546,1122.4930864140188,-396.2769248817094,3,-45,batteries
1575.3520241520623,2326.8452892274554,3984.37473137254,9926.172928173277,-1035,1022,605,1212,-1401,1408,3388,-1437,1527,-355,-1472,-9810,4453.186243231334,9926.172928173277,1575.3520241520623,8350.820904021213,3277.8279062658567,-3346.645730938065,-5004.175173083148,-8350.820904021213,-1657.5294421450844,4,-63,scissors
1286.689939340477,2282.062444369128,3581.914571845621,9729.761456479804,-1061,-65,725,1212,-1487,1236,452,-2272,2732,-3380,-3817,-8287,4220.107103008758,9729.761456479804,1286.689939340477,8443.071517139328,3283.4636497356005,-3571.609694831417,-4871.461822307911,-8443.071517139328,-1299.852127476493,4,-64,scissors
926.7826066559514,2800.697234618551,2935.2815878549027,1365.943995923698,-851,225,290,2020,-1676,977,1443,-2398,885,-817,-405,1017,2007.1763562632757,2935.2815878549027,926.7826066559514,2008.4989811989512,875.9971888411965,-152.2885180156975,-286.872871252049,-439.1613892677467,-134.5843532363515,3,-60,Knife
1039.7985381793917,2894.0666889344484,9384.708306601757,8662.735653360318,-830,355,516,1802,-1813,1357,6830,1635,-6225,-4283,-2300,-7170,5495.327296768979,9384.708306601757,1039.7985381793917,8344.909768422365,3597.848440580253,-566.147748756809,-7056.789366424117,-7622.937115180926,-6490.641617667308,3,-62,scissors
633.5108523143073,2507.47701883786,2829.788861381711,944.55968577957,-306,490,-260,1345,-1896,940,356,-2315,1588,-462,-293,770,1728.8341045783618,2829.788861381711,633.5108523143073,2196.2780090674037,953.0484714046464,5.631504539294156,-316.6803380045569,-311.04883346526276,-322.31184254385107,3,-58,empty
4991.412425356174,661.6003325271232,4775.978852549496,6369.857533728678,-2307,-3350,-2893,461,-395,-263,2042,-4317,-61,580,-5691,-2802,4199.712286040368,6369.857533728678,661.6003325271232,5708.257201201555,2132.2897820140647,1367.9667058249345,-2746.411814197438,-1378.4451083725044,-4114.378520022373,4,-79,magnet
1104.2151058557386,2780.055215279006,3346.148532268106,1328.986832139431,-1071,267,31,2007,-1663,967,1982,-2595,731,-766,-381,1017,2139.8514213855706,3346.148532268106,1104.2151058557386,2241.933426412367,948.0318530482792,170.66079535270364,-395.4325216363963,-224.7717262836925,-566.0933169891,3,-61,Knife
609.1617190861554,2514.40231466645,2842.9359823956643,921.2909421024392,-283,467,-270,1347,-1913,921,320,-2326,1603,-467,-308,732,1721.9477395626773,2842.9359823956643,609.1617190861554,2233.774263309509,970.044190856781,8.2022223564652,-320.33144537274916,-312.12922301628385,-328.53366772921436,3,-61,empty
1510.470125490736,2769.0888393115883,2979.61171967087,1123.1157553876626,-1476,260,188,2002,-1643,980,1765,-2270,781,-518,-556,827,2095.571609965214,2979.61171967087,1123.1157553876626,1856.4959642832075,794.2239152202606,298.9386252311774,88.41574487189564,387.3543701030735,-210.52288035928177,3,-61,Knife
773.1707444025543,2521.0771507433087,2702.4688712360776,862.2609813739689,258,677,-270,845,-2051,1198,76,-2161,1621,205,-213,810,1714.7444369389773,2702.4688712360776,773.1707444025543,1929.2981268335232,899.8695827656524,46.15074176067719,-135.2409787320919,-89.09023697141458,-181.39172049276883,3,-63,usb
3722.9840182305375,2583.219309311542,3121.579888453922,635.7680394609342,3621,525,688,337,-2357,1002,-1856,-2450,545,475,-276,320,2515.887813864234,3722.9840182305375,635.7680394609342,3087.215978769603,1157.9430072544355,1812.7882789559917,1274.4276998136118,3087.215978769603,-538.3605791423802,1,-61,screwdriver
943.6789708370108,2097.5883771607814,2533.799123845456,3543.024837621097,-288,725,-531,537,-812,1858,515,-2008,1457,-1120,1665,-2920,2279.5228273660864,3543.024837621097,943.6789708370108,2599.345866784086,932.56001389558,-1081.567560049706,-1517.7783067343803,-2599.345866784086,-436.21074668467463,4,-63,scissors
525.8802144975602,2562.7902762418935,2598.370450878781,884.6745164183266,150,495,-95,857,-2078,1231,161,-2142,1462,215,-218,830,1642.9288645091403,2598.370450878781,525.8802144975602,2072.4902363812207,946.2770451420172,-161.60706364193948,-197.18723827882695,-358.7943019207663,-35.58017463688748,3,-64,usb
4567.532046959277,3691.6478705315326,9693.960439366358,1698.316224971074,-157,210,4560,1512,-3238,926,652,-2582,9321,-865,-358,1417,4912.864145457061,9693.960439366358,1698.316224971074,7995.644214395284,2949.695897593931,4435.764195411514,-1566.5483734233103,2869.215821988203,-6002.312568834825,3,-58,screwdriver
10587.276514760537,765.1960533092157,6850.881403148065,8866.74703597661,-6082,-6310,-5940,-316,655,238,3116,-5236,-3132,5193,-6027,-3915,6767.525251798606,10587.276514760537,765.1960533092157,9822.08046145132,3709.182385144764,3903.1074143113874,-2182.5779355274626,1720.5294787839248,-6085.685349838849,1,-72,magnet
1789.705283000528,3614.84550153945,6585.609007525424,875.9206585073788,896,1185,998,1428,-2900,1618,-1370,-3335,5511,-572,-167,642,3216.5201126431953,6585.609007525424,875.9206585073788,5709.688349018045,2180.8042931363207,1942.2740652395617,-1028.4894407464126,913.7846244931492,-2970.763505985974,3,-70,keys
1178.2571875443832,2725.254666999031,4987.8179597896315,1348.6352360812764,-1131,227,240,1960,-1622,977,3410,-3302,-1532,-822,-373,1002,2559.9912626035807,4987.8179597896315,1178.2571875443832,3809.560772245248,1524.649709078556,1046.0926221268537,-1216.470670663747,-170.37804853689315,-2262.5632927906004,3,-61,Knife
1165.369040261496,2730.116847316246,5733.278032679036,1266.2594520871305,-1022,415,376,2027,-1528,1005,-1178,-3077,4692,-793,-358,920,2723.7558430859767,5733.278032679036,1165.369040261496,4567.9089924175405,1844.5954454175032,1451.1353867685775,-1552.0257985942126,-100.8904118256346,-3003.16118536279,3,-61,Knife
2289.251842851721,2877.6790995522765,2340.263446708511,1988.536145007176,207,897,-2096,12,-2662,1093,822,-1182,-1845,1906,-196,532,2373.932633529921,2877.6790995522765,1988.536145007176,889.1429545451006,320.38859446255833,-118.34997749961076,419.06567534415535,300.71569784454505,537.4156528437657,2,-63,scissors
626.645832987023,2523.3939446705504,2851.218862171054,931.8122128411926,-286,475,-292,1342,-1923,932,332,-2331,1608,-467,-291,752,1733.267713167455,2851.218862171054,626.645832987023,2224.573029184031,967.0906288922776,11.329268823166784,-316.4956486773365,-305.1663798541696,-327.8249175005035,3,-68,empty
3276.8722892416786,3704.422222155568,3092.434154513237,2752.6694316608377,3132,882,388,1286,-3118,1532,-1970,-2307,600,-1830,-400,2017,3206.5995243928305,3704.422222155568,2752.6694316608377,951.7527904947306,343.4574066222374,-43.89260503074502,568.0954626115863,524.2028575808408,611.9880676423313,2,-66,keys
2022.9458717424943,2510.662462379202,3524.06356355841,12386.337997971796,-1830,687,521,1436,-1673,1201,532,-2216,2688,-7326,-4937,-8682,5111.002473912976,12386.337997971796,2022.9458717424943,10363.392126229302,4235.172483105669,-4674.995512525047,-5688.396613704255,-10363.392126229302,-1013.4011011792076,4,-63,scissors
539.772174162396,2516.367421502671,2766.979942102942,888.6467239572765,152,505,-115,860,-2036,1203,65,-2172,1713,212,-218,835,1677.9415654313214,2766.979942102942,539.772174162396,2227.207767940546,975.6252369623732,-49.131014597304784,-299.74353519757597,-348.8745497948805,-250.6125206002712,3,-63,usb
554.1064879605724,2546.609903381356,2195.109108905523,889.5066048096552,165,520,-97,842,-2063,1233,-122,-1898,1096,163,-147,862,1546.333026264277,2546.609903381356,554.1064879605724,1992.503415420784,842.2289901709413,-343.4504556624579,8.05033881337522,-335.4001168490828,351.5007944758331,2,-64,usb
7036.045267051655,1860.3668992970177,3692.748028230467,8531.13597359695,-2280,422,-6643,118,-1480,1121,320,-1962,-3112,7640,1616,3435,5280.074042044023,8531.13597359695,1860.3668992970177,6670.769074299933,2639.4525683430825,168.64521119407618,-1663.735917739372,-1495.0907065452957,-1832.3811289334492,4,-60,screwdriver
2275.748228605265,5097.252004757073,7874.496047367094,6645.970358044038,1822,375,1311,1248,-4893,695,-2600,-3138,6738,-883,-1327,6452,5473.366659693367,7874.496047367094,2275.748228605265,5598.74781876183,2092.0473007456276,-796.4890434143763,-3573.7330860243974,-4370.222129438774,-2777.244042610021,3,-58,screwdriver
629.9380921963682,2504.4442497288696,2847.2537645949296,922.0005422991898,-278,487,-287,1342,-1901,926,322,-2331,1603,-457,-306,740,1725.9091622048393,2847.2537645949296,629.9380921963682,2217.315672398561,963.1916028586368,25.37353238161927,-317.43598248444096,-292.0624501028216,-342.80951486606,3,-62,empty
1154.5722151515686,3297.2151886099277,2516.404975356709,2845.886329423577,952,562,333,1522,-2650,1238,-643,-2181,1078,1080,490,2587,2453.519677135446,3297.2151886099277,1154.5722151515686,2142.642973458359,799.5299831208202,-1236.0621637626136,-455.2519505093951,-1691.3141142720085,780.8102132532185,2,-63,scissors
572.711096452653,2565.369564019968,2696.81089437135,886.9577216530673,43,510,-257,875,-2086,1210,62,-2143,1636,210,-213,835,1680.4623191242597,2696.81089437135,572.711096452653,2124.099797918697,958.2259096911936,-91.40264742451608,-222.8439777758981,-314.2466252004143,-131.44133035138202,3,-64,usb
518.8342702636363,2549.1616268883386,1665.1057023504543,884.0893619991137,63,472,-206,835,-2066,1238,252,-1513,648,205,-175,842,1404.2977403753855,2549.1616268883386,518.8342702636363,2030.327356624702,779.9673752001336,-624.655508136681,259.40041640120353,-365.25509173547744,884.0559245378843,2,-65,usb
4084.9294975556186,2889.828368605997,4513.2327659893635,1686.796075404493,-216,732,4013,1068,-1622,2140,450,-2207,3911,-1360,716,-695,3293.696676888868,4513.2327659893635,1686.796075404493,2826.4366905848706,1102.106710192451,2010.768909767246,387.3645123838796,2398.1334221511256,-1623.4043973833664,3,-45,keys
981.6236549717004,2831.0171317037275,3059.3466622793826,1403.8607480800936,-911,220,292,2033,-1712,975,1572,-2417,1023,-860,-400,1035,2068.962049258726,3059.3466622793826,981.6236549717004,2077.723007307682,892.5040833111816,-96.9537812663691,-325.283311842024,-422.2370931083931,-228.3295305756551,3,-59,Knife
535.7835383809398,2543.0009830906474,2273.1915889339375,917.816975218916,110,500,-158,847,-2066,1217,130,-1920,1210,200,-82,892,1567.4482714061105,2543.0009830906474,535.7835383809398,2007.2174447097077,856.7569179563109,-325.9214154973431,-56.11202134063319,-382.03343683797607,269.8093941567099,2,-65,usb
1766.712766694122,3433.8248353694457,2665.5762979138303,1080.3966864073584,625,1595,-432,1108,-2775,1692,-168,-1833,1928,11,-356,1020,2236.627646596189,3433.8248353694457,1080.3966864073584,2353.428148962087,890.9220058352992,-40.96622858442606,727.2823088711893,686.3160802867637,768.2485374556154,2,-45,batteries
5837.1614676998615,2212.964979388513,3084.4756442546277,6869.388691870624,-5425,202,-2145,845,-1625,1242,1103,-2191,1870,6666,-996,-1327,4500.997695803407,6869.388691870624,2212.964979388513,4656.423712482111,1912.8668255716148,-80.3582796523242,-951.8689445184382,-1032.2272241707624,-871.5106648661149,4,-64,scissors
632.3369355019522,2548.84032453977,2718.2887999622117,847.7328588653386,180,535,-285,857,-2083,1193,18,-2167,1641,215,-201,795,1686.799729717318,2718.2887999622117,632.3369355019522,2085.9518644602595,951.710130147611,-22.973723970472292,-192.42219939291408,-215.39592336338637,-169.4484754224418,3,-65,usb
1299.558771275851,2747.6020454206973,4669.928157905644,1319.5044524365956,-1252,290,193,1975,-1636,986,3298,-3281,408,-808,-352,982,2509.148356759697,4669.928157905644,1299.558771275851,3370.369386629793,1378.784708999238,951.1902156621012,-971.1358968228458,-19.94568116074447,-1922.3261124849469,3,-60,Knife
1835.4394569148828,3390.1399676119568,3121.048221351282,1277.557826479882,683,1610,-557,1101,-2688,1748,-373,-2062,2313,0,-327,1235,2406.046368089501,3390.1399676119568,1277.557826479882,2112.582141132075,877.3178583633883,144.39494208716314,413.486688347838,557.881630435001,269.0917462606749,2,-44,batteries
7260.751476259189,1948.061087337869,3994.4018325651714,11404.151174024308,-2108,12,-6948,101,-1590,1121,-78,-2361,-3221,702,-3136,10942,6151.841392546634,11404.151174024308,1948.061087337869,9456.09008668644,3575.7081090253832,-1048.5294762689082,-3094.8702214962104,-4143.399697765119,-2046.3407452273025,4,-64,screwdriver
6936.5617563746955,3557.442058558368,3653.5463593609975,1227.8639989836008,1558,2525,6270,1288,-2885,1635,-1270,-2326,2515,-995,-80,715,3843.853543319416,6936.5617563746955,1227.8639989836008,5708.6977573910945,2032.6395247339783,2902.401029096862,2806.2967282942323,5708.6977573910945,-96.1043008026295,1,-73,keys
1817.8762334108449,3416.16890683116,3091.3079755986787,1300.003461533853,643,1612,-541,1113,-2721,1740,-343,-2030,2306,3,-320,1260,2406.339144343634,3416.16890683116,1300.003461533853,2116.165445297307,874.529257600652,96.5059203222554,421.36685155473606,517.8727718769917,324.8609312324811,2,-44,batteries
5992.884030247874,1792.0784023027563,3980.698807998415,7394.763011753656,-1901,547,-5657,40,-1396,1123,377,-1955,-3447,6906,1060,2422,4790.106063075675,7394.763011753656,1792.0784023027563,5602.684609450899,2113.8958475964832,393.3707120949384,-1795.24969360072,-1401.8789815057817,-2188.6204056956585,4,-59,screwdriver
1805.7845940200064,3373.131482761975,3043.154448923025,988.8275886118872,615,1612,-533,1128,-2676,1716,-503,-1968,2266,16,-330,932,2302.7245285792237,3373.131482761975,988.8275886118872,2384.3038941500877,957.5074388638416,243.4899857845844,573.4670196235345,816.9570054081192,329.97703383894986,2,-44,batteries
23606.964502027786,3114.4010660157437,29849.13094212292,5734.107515559854,1242,-8655,-21928,-2861,402,1163,2341,-19031,-22876,4580,33,-3450,15576.151006431575,29849.13094212292,3114.4010660157437,26734.729876107176,11405.842289144655,22303.793431287555,-4430.936444819623,17872.85698646793,-26734.729876107176,3,-74,magnet
573.1300027044475,2568.914167503461,2707.3695721123854,887.0608772795698,73,525,-218,870,-2076,1238,60,-2151,1643,222,-213,832,1684.1186548999658,2707.3695721123854,573.1300027044475,2134.239569407938,961.7045316613256,-87.73773498309902,-226.19313959202327,-313.9308745751223,-138.45540460892423,3,-64,usb
4413.8529653807,3687.673656927901,2066.2959613762982,2976.783834946703,3443,2220,-1643,1218,-3177,1422,703,-1561,1157,-1816,-1431,1875,3286.151604657901,4413.8529653807,2066.2959613762982,2347.5570040044017,868.4305563511136,-92.15428255880306,1529.2234129927997,1437.069130433997,1621.3776955516028,1,-71,keys
20432.43436304152,2487.8400270113834,13512.468094319407,3637.8048325879167,15491,-9677,-9158,-490,-1192,2128,-4857,-5752,-11221,3446,-628,-982,10017.636829240057,20432.43436304152,2487.8400270113834,17944.59433603014,7383.798978673051,13909.628798880814,2885.000731572789,16794.629530453603,-11024.628067308024,1,-74,magnet
548.8879667108763,2556.677531484954,2710.028413135183,882.2975688507818,238,485,-97,870,-2068,1226,67,-2167,1626,205,-218,830,1674.4728700454489,2710.028413135183,548.8879667108763,2161.140446424307,967.6186529215717,-90.02936024483824,-243.38024189506723,-333.4096021399055,-153.35088165022898,3,-64,usb
1072.8229117613027,2742.464220368244,5761.384295462332,1305.3566562438025,-1042,252,41,2017,-1575,986,3853,-1446,4032,-786,-376,972,2720.5070209589203,5761.384295462332,1072.8229117613027,4688.56138370103,1868.484024259565,1393.1931653057943,-1625.7269097882945,-232.53374448249951,-3018.9200750940886,3,-61,Knife
21102.588324658187,1636.9792301675668,10618.044076005712,4250.102469352945,288,-19277,-8581,-650,-476,1425,-810,-7666,-7302,3561,-1925,-1295,9401.928525046103,21102.588324658187,1636.9792301675668,19465.60909449062,7503.667870443389,12916.775350571692,3935.710504733548,16852.48585530524,-8981.064845838146,1,-75,magnet
898.6233916385662,2685.4401873808324,2660.729223352125,1103.219379815275,-832,262,216,1817,-1700,1010,930,-2116,1318,-592,-273,890,1837.0030455466997,2685.4401873808324,898.6233916385662,1786.816795742266,839.2504457265129,-114.65347610270828,-89.94251207400043,-204.59598817670883,24.71096402870762,2,-59,empty
7201.384172504617,1925.0412982583,3395.7203948499646,6265.022745369724,-1491,217,-7042,-50,-1572,1110,158,-1897,-2812,1671,-1237,5910,4696.792152745651,7201.384172504617,1925.0412982583,5276.342874246317,2127.6582723517586,1203.5202618632784,-267.15883472838595,936.3614271348924,-1470.6790965916648,1,-62,screwdriver
1795.6553121353777,3448.764561404562,2368.0519419978946,1069.1842684963149,592,1625,-483,1145,-2806,1646,-727,-1425,1746,53,-361,1005,2170.414021008537,3448.764561404562,1069.1842684963149,2379.580292908247,869.8264064797947,-177.12078788380268,903.591831522865,726.4710436390626,1080.7126194066673,2,-46,batteries
6649.1696474071105,3659.824722578938,2611.798422543363,2084.830928396833,4263,2052,-4672,1221,-3126,1460,-1275,-2121,835,-1436,-718,1330,3751.405930231561,6649.1696474071105,2084.830928396833,4564.338719010278,1766.4653397741704,1758.1562094873516,2806.1825095229265,4564.338719010278,1048.0263000355749,1,-72,keys
1809.7983313065577,3354.4057595943877,3052.097966972882,989.3851626136304,636,1605,-543,1137,-2662,1695,-483,-1973,2278,23,-345,927,2301.4218051218645,3354.4057595943877,989.3851626136304,2365.0205969807575,953.3393545373124,259.05268803571107,561.3604806572162,820.413168692927,302.30779262150554,2,-45,batteries
987.4178446837996,2827.2493699707493,3071.1909741987715,1401.081011219551,-913,220,305,2031,-1707,977,1593,-2417,1026,-860,-398,1032,2071.734800018218,3071.1909741987715,987.4178446837996,2083.773129514972,893.7609682647113,-84.86078115386476,-328.8023853818868,-413.66316653575154,-243.94160422802224,3,-65,Knife
812.707204348528,9959.1590508436,2884.850429398377,592.4972573776186,-107,660,-462,-6052,4548,-6471,1523,-1908,1537,470,52,357,3562.30348549203,9959.1590508436,592.4972573776186,9366.66179346598,3799.958305988545,-3427.0493372371575,3647.259284208066,220.2099469709094,7074.308621445223,2,-65,scissors
2391.5204368769255,2449.0302162284565,1540.0860365576982,5344.037986391938,736,1315,-1857,30,-2095,1268,745,-242,-1326,-3051,-821,4310,2931.1686690137544,5344.037986391938,1540.0860365576982,3803.95194983424,1438.8126124663122,-1930.7308645928852,-1021.7866849221272,-2952.5175495150124,908.9441796707584,4,-59,scissors
2768.5246973794547,3656.46126740049,4630.016306666748,1241.698030923783,2077,1020,1520,1360,-3005,1578,-2831,-2793,2371,-878,-191,857,3074.175075592619,4630.016306666748,1241.698030923783,3388.318275742965,1246.1032680340395,1250.1908528609647,276.63581359470663,1526.8266664556716,-973.555039266258,3,-68,keys
3859.047939583026,2882.6983886629555,4545.714905270677,1594.680218727253,-501,785,3745,1022,-1671,2115,568,-2202,3936,-1125,816,-782,3220.535363060978,4545.714905270677,1594.680218727253,2951.034686543424,1109.20443348992,1963.6921187317475,300.6756021240253,2264.367720855773,-1663.0165166077218,3,-45,keys
3697.854648306231,2836.5325663563253,3574.3121016497707,13597.04519371764,3386,547,1382,1362,-2173,1212,-513,-2253,2727,-8923,7547,6950,5926.436127507492,13597.04519371764,2836.5325663563253,10760.512627361317,4440.85606348303,-4580.705505058982,-5318.485040352428,-9899.19054541141,-737.7795352934454,4,-64,scissors
1464.675390658285,3108.443018618807,2801.7990648867026,1985.9068457508272,1380,465,-157,1372,-2495,1247,-597,-2095,1762,580,1351,1335,2340.2060799786555,3108.443018618807,1464.675390658285,1643.7676279605218,651.0257316196767,-413.937704412323,-107.29375068021908,-521.2314550925421,306.64395373210436,2,-66,scissors
3536.7650473278545,3521.0969881558217,4076.241528663384,818.2469065019434,-1207,1447,2993,1322,-2818,1646,-680,-2463,3176,-612,-150,522,2988.087617662251,4076.241528663384,818.2469065019434,3257.99462216144,1272.5401326376837,1636.8313406667362,1081.6868001591747,2718.5181408259114,-555.1445405075619,3,-69,keys
1800.7934362385931,3443.7314064833804,1905.70957913319,1070.744600733527,582,1617,-538,1137,-2806,1641,-192,-1521,1132,26,-363,1007,2055.244755647173,3443.7314064833804,1070.744600733527,2372.9868057498534,863.7479345183953,-403.9864959225622,1134.0353314276283,730.0488355050661,1538.0218273501905,2,-44,batteries
525.6928761168444,2549.565649282246,2440.8248605748017,916.1904823779824,103,480,-188,835,-2076,1222,216,-1987,1401,212,-106,885,1608.0684670879689,2549.565649282246,525.6928761168444,2023.8727731654017,898.6284299738968,-249.6191974842911,-140.87840877684698,-390.4976062611379,108.74078870744415,2,-64,usb
2165.390957771829,3448.1800997047703,3861.451281577951,1167.0844014037716,923,1845,-658,1236,-2755,1665,-527,-2391,2986,-531,-245,1010,2660.5266851145807,3861.451281577951,1167.0844014037716,2694.366880174179,1065.1463551048848,705.788869120619,292.5176872474385,998.3065563680576,-413.27118187318047,3,-45,batteries
6739.915503921396,1890.5136868057848,3295.8350990302897,6056.737900883611,-1496,962,-6501,-77,-1497,1152,340,-1852,-2705,3393,-755,4960,4495.75054766027,6739.915503921396,1890.5136868057848,4849.401817115611,1981.1621622705152,1044.2495076311448,-361.07190459336016,683.177603037785,-1405.3214122245051,1,-61,screwdriver
5637.806931777639,2075.921241280603,4552.091717002196,1311.7652228962315,83,47,-5637,-118,-1823,986,-475,-2655,-3667,1212,-222,450,3394.3962782391673,5637.806931777639,1311.7652228962315,4326.041708881407,1764.1484224055775,3401.1060923015,924.9356165799072,4326.041708881407,-2476.1704757215925,1,-60,screwdriver
4070.229109030596,4075.2990074349145,8361.827132869945,2664.0146395994147,1346,800,3757,1507,-3687,862,-392,-3717,7480,-1850,-443,1865,4792.842472233718,8361.827132869945,2664.0146395994147,5697.8124932705305,2139.3105282666625,2846.3712974331056,-1440.1568280019242,1406.2144694311814,-4286.52812543503,3,-58,screwdriver
2146.45894440122,2773.1675030549454,2996.7931193193835,877.2736175219223,-2030,505,481,2005,-1648,977,1663,-2340,860,-548,-276,627,2198.4232960743675,2996.7931193193835,877.2736175219223,2119.519501797461,823.9936354593478,746.4054715718678,522.7798553074294,1269.1853268792977,-223.62561626443812,3,-62,Knife
611.6118049874447,2504.488969829973,2827.310736371225,935.8472097516774,-288,470,-265,1345,-1896,932,346,-2321,1577,-475,-291,752,1719.8146802350802,2827.310736371225,611.6118049874447,2215.6989313837803,959.8150684626228,-0.7068191114901765,-323.5285856527423,-324.2354047642327,-322.82176654125215,3,-62,empty
6155.720022873035,2386.835561994165,3442.0425622005314,717.2705207939331,1966,62,-5833,126,-2158,1012,-1738,-2482,-1633,612,-262,267,3175.4671669654163,6155.720022873035,717.2705207939331,5438.449502079102,1975.9580009515976,3246.828251142735,2191.621250936368,5438.449502079102,-1055.2070002063665,1,-61,screwdriver
4954.298537633758,3845.6289472594726,6208.567870290217,2714.037951097958,2235,1155,4268,1302,-3503,907,-413,-2461,5685,-2077,-8,1747,4430.6333265703515,6208.567870290217,2714.037951097958,3494.529919192259,1296.5537302727337,2301.599754783272,-61.33916824747212,2240.2605865358005,-2362.9389230307443,3,-61,screwdriver
7891.274801956905,905.8818907561846,7587.261759027429,4674.138316310291,-2680,-5747,-4697,-367,-643,522,542,-6691,-3536,3325,-2890,-1562,5264.639192012703,7891.274801956905,905.8818907561846,6985.392911200721,2812.527631495171,4949.258176958931,-1732.1216913123153,3217.1364856466143,-6681.379868271245,1,-75,magnet
3933.1169573253223,1280.247241746687,4117.826854057854,6939.882852037202,-2072,535,-3300,347,-468,1140,2743,-2143,-2200,1773,-186,-6707,4067.768476291766,6939.882852037202,1280.247241746687,5659.635610290515,2002.495473974152,-84.59314120035651,-2922.1727535115224,-3006.7658947118794,-2837.579612311167,4,-61,screwdriver
3451.9856604568913,2387.387693693674,1382.8242838480962,18646.98873813142,117,1620,-3046,156,-2028,1250,475,-1273,-257,-16698,1451,8172,6467.29659403252,18646.98873813142,1382.8242838480962,17264.164454283324,7069.910113630537,-8099.783243760052,-7095.219833914474,-15195.003077674526,1004.5634098455778,4,-62,scissors
621.1650344312693,2511.426885258657,2836.727163475543,934.2590647138512,-311,465,-270,1350,-1906,923,340,-2310,1611,-462,-286,760,1725.89453696983,2836.727163475543,621.1650344312693,2215.5621290442737,961.525375254182,6.103123967151987,-319.197154249734,-313.0940302825819,-325.300278216886,3,-67,empty
4461.73934693635,4095.317448013035,5775.0831162849945,8914.373730105777,3137,1150,2957,956,-3908,765,-1738,-2821,4730,-4413,-361,7737,5811.628410335039,8914.373730105777,4095.317448013035,4819.056282092743,1897.1220230092276,-1386.434357448734,-3066.200025720693,-4452.634383169428,-1679.7656682719594,4,-61,screwdriver
674.312983710087,2539.1923912929483,2706.724404146089,897.2508010584331,167,565,-328,845,-2068,1207,52,-2158,1633,197,-221,847,1704.3701450518893,2706.724404146089,674.312983710087,2032.411420436002,923.8643886717368,-27.70290224760265,-195.2349151007436,-222.93781734834613,-167.5320128531407,3,-65,usb
1783.9602013497947,3451.194720672828,3028.902936708273,1066.318432739489,625,1567,-580,1160,-2811,1632,-452,-2043,2190,43,-381,995,2332.594072867596,3451.194720672828,1066.318432739489,2384.876287933339,954.013438701447,147.67499232287537,569.9667762874301,717.6417686103057,422.2917839645552,2,-46,batteries
1114.108612299537,2783.0262305626943,3329.1048346364823,1428.4110052782428,-1007,455,-142,2005,-1661,983,1933,-2635,635,-822,-407,1095,2163.6626706942393,3329.1048346364823,1114.108612299537,2214.9962223369453,919.7860335122904,115.88810554754082,-430.1904985262467,-314.3023929787057,-546.078604073788,3,-60,Knife
1260.5356004492694,3202.212672512555,8459.14055918212,1651.373670614861,-278,505,1121,2470,-915,1821,3065,-2447,7495,-1541,525,277,3643.3156256897014,8459.14055918212,1260.5356004492694,7198.604958732851,2873.682959479918,2433.044908251987,-2823.8829784175787,-390.8380701655917,-5256.927886669566,3,-67,scissors
2124.472169740051,3482.3533709260464,3487.0911946778792,1336.4729701718625,817,1842,-673,1246,-2795,1662,-582,-2140,2691,-580,-276,1172,2607.59742637896,3487.0911946778792,1336.4729701718625,2150.6182245060168,920.309003510139,396.3685116600109,391.6306879081776,787.9991995681885,-4.737823751832821,3,-43,batteries
3595.3493571557133,2931.1335691162217,4386.852402349548,1314.091321027576,-802,822,3407,982,-1796,2098,851,-2143,3732,-440,806,-940,3056.856662412265,4386.852402349548,1314.091321027576,3072.7610813219726,1130.4756058693836,1868.488434680732,412.7696014474054,2281.258036128137,-1455.718833233327,3,-45,keys
1773.530941370914,3372.895788487987,3160.6405996253357,1089.7398772184122,648,1582,-472,1096,-2701,1697,-262,-2062,2381,3,-350,1032,2349.201801675662,3372.895788487987,1089.7398772184122,2283.155911269575,951.8434193730726,235.7679376449255,448.0231265075768,683.7910641525018,212.25518886265127,2,-42,batteries
3819.470513042351,3830.999477943061,7119.273277519273,1908.619658287109,3401,1685,-427,1416,-3251,1450,-452,-2398,6688,-1202,-675,1320,4169.590731697948,7119.273277519273,1908.619658287109,5210.653619232164,1874.1561781608732,2599.562327165728,-688.7114724104849,1910.850854755242,-3288.273799576212,3,-67,keys
623.9551265916484,2519.1478718010976,2831.5781818625455,942.1910634260972,-306,472,-270,1352,-1901,951,335,-2321,1587,-462,-306,762,1729.2180609203472,2831.5781818625455,623.9551265916484,2207.623055270897,959.192966919,-2.902813386500384,-315.3331234479483,-318.2359368344488,-312.4303100614479,3,-64,empty
3483.359585228031,2424.406319081024,1358.3110836623546,17855.857890339517,187,1652,-3061,141,-2056,1277,436,-1268,-217,-16380,1806,6875,6280.483719577732,17855.857890339517,1358.3110836623546,16497.546806677165,6725.145109818751,-7719.296770265078,-6653.201534846407,-14372.498305111489,1066.0952354186693,4,-62,scissors
1824.7427215911837,3411.894195311455,3025.9153986851647,1278.6356009434433,666,1617,-521,1111,-2726,1725,-240,-2000,2258,11,-342,1232,2385.296979132812,3411.894195311455,1278.6356009434433,2133.2585943680115,866.4892217101626,80.06416201072489,466.0429586370151,546.1071206477404,385.9787966262902,2,-42,batteries
1098.9126443898988,2853.579156077504,3350.417585913732,2484.9166988050124,-918,297,526,2115,-1700,883,1297,-2705,1492,-2411,-201,567,2446.9565212965367,3350.417585913732,1098.9126443898988,2251.5049415238336,836.6969480548806,-444.5828122894427,-941.4212421256713,-1386.0040544151136,-496.838429836228,3,-63,Knife
3790.326371171749,2891.5864157932406,4307.39515252548,1342.9668648183394,-975,765,3582,966,-1796,2050,872,-2135,3638,-482,806,-960,3083.068701077202,4307.39515252548,1342.9668648183394,2964.42828770714,1125.1453836896517,1931.5841215428245,515.7753848105849,2447.3595063534094,-1415.8087367322391,3,-46,keys
1807.1438791640248,3478.7687477037043,3371.8134586598944,906.2632068003204,575,1590,-638,1248,-2838,1578,-665,-2151,2510,122,-350,827,2390.997323081986,3478.7687477037043,906.2632068003204,2572.505540903384,1082.885867030675,396.96269165994727,503.9179807037572,900.8806723637044,106.9552890438099,2,-44,batteries
6487.408881826395,1231.7284603353128,5225.12286936872,5360.340847371555,-545,-5635,-3168,207,-1041,625,1056,-5022,-983,1950,-4585,-1977,4576.1502647254965,6487.408881826395,1231.7284603353128,5255.680421491083,1992.1211696713576,2560.231221744123,-1433.163187289284,1127.06803445484,-3993.394409033407,1,-77,magnet
2104.459312982791,3448.6938107057285,3798.533137936274,1281.9430564576571,820,1810,-693,1233,-2760,1660,-537,-2337,2946,-388,-245,1197,2658.407329520613,3798.533137936274,1281.9430564576571,2516.5900814786173,1015.6219623221448,586.1777918778403,236.33846464729368,822.5162565251337,-349.83932723054613,3,-46,batteries
17147.496056275973,1755.707549679046,8666.022040128908,4019.3561673481986,211,-15350,-7640,-392,-883,1466,-932,-5967,-6215,3852,-626,-962,7897.145453358032,17147.496056275973,1755.707549679046,15391.788506596928,5893.103315614498,10019.227189688818,3108.9126992389565,13128.139888927775,-6910.314490449862,1,-74,magnet
6641.002785724457,488.1567371244609,7898.089072680809,6032.742411209018,-3162,-3857,-4385,-423,198,-142,2493,-6621,-3511,3941,-3880,-2410,5264.997751684687,7898.089072680809,488.1567371244609,7409.932335556348,2838.7586062846553,4009.096355035894,-3400.835980520455,608.2603745154383,-7409.932335556348,3,-71,magnet
521.9703056688187,2544.1927992980404,2322.9298310538784,936.8831303850016,122,495,-112,842,-2063,1228,127,-1957,1245,207,-126,905,1581.4940166014349,2544.1927992980404,521.9703056688187,2022.2224936292216,868.1344512538716,-318.0878964801725,-96.82492823601046,-414.91282471618297,221.26296824416204,2,-64,usb
3524.162453690238,2909.389111136563,4413.054497737367,1316.1025795886885,-765,840,3336,975,-1776,2088,843,-2151,3760,-475,801,-930,3040.677160538214,4413.054497737367,1316.1025795886885,3096.951918148678,1130.1074751461758,1855.8626303511764,352.19724375037276,2208.0598741015497,-1503.6653866008037,3,-45,keys
3167.71210813104,2880.4188931473145,4382.872802169828,1378.8085436346846,-740,980,2920,946,-1776,2061,937,-2151,3702,-903,702,-770,2952.4530867707167,4382.872802169828,1378.8085436346846,3004.0642585351434,1069.3436166256693,1645.6787367594343,143.22482773692082,1788.9035644963556,-1502.4539090225137,3,-46,keys
3424.735610233292,2813.3999004762904,3356.117697578558,581.9123645361044,-3266,367,963,2061,-1653,967,1741,-2546,1323,-577,-43,62,2544.0413932060615,3424.735610233292,581.9123645361044,2842.8232456971873,1157.3239130226953,1692.7705213997274,1150.05272429746,2842.8232456971873,-542.7177971022675,1,-61,Knife
1807.907353820986,3459.365259697218,2426.1477696133843,1068.3276650915673,590,1602,-595,1152,-2802,1670,-963,-1530,1618,58,-366,1002,2190.4370120557887,3459.365259697218,1068.3276650915673,2391.0375946056506,876.2415170580013,-146.8189006772077,886.3985894066261,739.5796887294189,1033.2174900838336,2,-47,batteries
622.6226786746529,2511.2106642016315,2831.9622172620875,935.535140975474,-303,475,-265,1347,-1901,937,337,-2315,1596,-455,-301,760,1725.3326752784617,2831.9622172620875,622.6226786746529,2209.3395385874346,959.4246503068736,3.919545379817464,-316.8320076806385,-312.91246230082106,-320.751553060456,3,-62,empty
903.6608877228228,3225.118602470303,2545.4099866229803,1655.7563226513737,755,487,-97,1273,-2731,1150,-296,-2186,1270,340,548,1525,2082.48644986687,3225.118602470303,903.6608877228228,2321.45771474748,879.1522542318144,-715.9020253879369,-36.19340954061408,-752.095434928551,679.7086158473226,2,-64,scissors
5538.83787450039,3580.4273487951127,4448.587303852763,1116.357469630584,4185,-590,3580,1320,-2968,1506,-2102,-3470,1825,-842,-281,677,3671.052499194712,5538.83787450039,1116.357469630584,4422.480404869806,1630.0201066723853,2645.320179963729,1777.1602249060777,4422.480404869806,-868.1599550576507,1,-63,keys
476.182738032365,2550.5634671577964,2706.1742368147693,898.2794665358882,105,450,-115,845,-2090,1193,45,-2165,1623,215,-216,845,1657.7999771352045,2706.1742368147693,476.182738032365,2229.991498782404,983.5148630348776,-133.24297942327507,-288.85374908024824,-422.0967285035232,-155.61076965697293,3,-64,usb
615.6256979691475,2516.2815820174023,2836.26109517442,945.4237145322726,-311,465,-257,1362,-1898,935,343,-2318,1598,-475,-301,760,1728.3980224233103,2836.26109517442,615.6256979691475,2220.6353972052725,961.6953915264382,-4.909251703053769,-324.88876486007143,-329.7980165631251,-319.97951315701766,3,-60,empty
1566.8241764792883,2738.04200113877,3780.853607322029,1276.8762665191955,-1353,277,740,2005,-1615,932,2235,-2845,1098,-752,-410,947,2340.6490128648206,3780.853607322029,1276.8762665191955,2503.977340802833,995.3049525522016,666.3797580716755,-376.43184811158335,289.9479099600926,-1042.8116061832588,3,-59,Knife
2260.326303877385,3610.677914187306,5324.4582823044075,988.01821845551,1035,1125,1665,1401,-2925,1587,-1920,-2916,4020,-700,-186,672,3045.8701797061526,5324.4582823044075,988.01821845551,4336.440063848898,1609.5655775322766,1493.044226769488,-220.73614134761283,1272.3080854218747,-1713.7803681171008,3,-70,keys
633.0971489431934,2521.5318756660604,2837.6632992657887,914.0519678880408,-278,482,-302,1335,-1923,937,320,-2323,1598,-455,-271,745,1726.586072940771,2837.6632992657887,633.0971489431934,2204.5661503225956,964.6710748887248,17.58830232744026,-298.54312127228786,-280.9548189448475,-316.13142359972835,3,-67,empty
966.9746635770764,2821.1449803227056,3054.72961160231,1398.6740149155555,-896,232,280,2033,-1691,983,1565,-2422,1008,-857,-396,1032,2060.380817604412,3054.72961160231,966.9746635770764,2087.7549480252337,894.5508014907675,-99.05736002943786,-332.6419913090417,-431.69935133847935,-233.5846312796043,3,-58,Knife
1182.5210357536985,2785.213277291346,3168.8699878663374,1368.6920763999476,-1160,220,66,2010,-1668,967,1562,-2718,463,-825,-398,1017,2126.3240943278324,3168.8699878663374,1182.5210357536985,1986.348952112639,863.9744474699028,98.742834964371,-284.9138756106204,-186.1710406462491,-383.6567105749914,3,-60,Knife
1833.8388696938453,3405.3353726175046,3103.984213877384,1281.326656243442,666,1625,-528,1098,-2696,1767,-335,-2037,2318,3,-315,1242,2406.121278108044,3405.3353726175046,1281.326656243442,2124.0087163740627,877.2273907235871,125.58052735514138,426.9316860952622,552.5122134504031,301.3511587401208,2,-44,batteries
2936.64808923371,2436.2003201707366,8929.337097455778,1037.336011136218,1058,667,-2657,-180,-2216,996,-2561,-1688,-8386,985,-271,180,3834.880379499111,8929.337097455778,1037.336011136218,7892.00108631956,3022.5349832438255,4196.224427691266,-2296.9123495937747,1899.312078097492,-6493.136777285042,3,-60,screwdriver
15396.01549102884,2598.680626779674,11377.634683887509,2394.1633194082647,12182,-3860,-8587,-446,-1556,2033,-7141,-4323,-7731,2332,-87,-535,7941.623530276072,15396.01549102884,2394.1633194082647,13001.852171620576,5627.954464400492,10890.403114364206,2111.449057256371,13001.852171620576,-8778.954057107834,1,-75,magnet
1428.5268635906011,2049.7397395767102,4873.233115704604,4767.935926582906,-1368,167,376,1098,-1298,1145,96,-2543,4156,-62,-2280,-4187,3279.8589113637054,4873.233115704604,1428.5268635906011,3444.7062521140024,1556.746453841501,-257.95784343220566,-3081.4512195600996,-3339.409062992305,-2823.4933761278935,3,-65,scissors
609.345550570446,2501.595091136853,2827.2746594556393,945.454916957969,-303,462,-257,1355,-1887,928,332,-2323,1577,-475,-296,762,1720.9175545302269,2827.2746594556393,609.345550570446,2217.9291088851933,957.9167607416128,-5.2148990343685,-330.8944673531546,-336.109366387523,-325.6795683187861,3,-63,empty
1256.4051894194006,2740.8518748739416,6349.262240607171,1323.757530667909,-1200,227,295,1990,-1605,988,4341,-3885,2525,-822,-355,975,2917.5692088921055,6349.262240607171,1256.4051894194006,5092.857051187771,2068.057521280463,1770.5290122423607,-1837.881353490869,-67.35234124850831,-3608.41036573323,3,-60,Knife
622.774437497237,2504.9249489755175,2835.697268750668,936.4603568758264,-298,480,-262,1352,-1896,923,337,-2323,1591,-465,-283,762,1724.9642530248125,2835.697268750668,622.774437497237,2212.922831253431,958.9873960519768,8.543200198280829,-322.22911957686983,-313.68591937858923,-330.77231977515066,3,-61,empty
615.0999918712404,2509.3556941972174,2849.042646223464,936.438999615031,-298,470,-262,1345,-1896,945,348,-2326,1608,-467,-298,755,1727.4843329767382,2849.042646223464,615.0999918712404,2233.9426543522236,965.9668106720402,9.173972141227978,-330.51297988501847,-321.3390077437906,-339.6869520262467,3,-62,empty
995.705779836594,2817.8427919243472,3061.9714237725993,1401.4078635429444,-921,217,310,2033,-1693,970,1588,-2417,1006,-862,-400,1030,2069.2319647691215,3061.9714237725993,995.705779836594,2066.2656439360053,886.6224258260795,-80.78672592904923,-324.9153577773011,-405.7020837063503,-244.1286318482521,3,-59,Knife
20548.20851071937,1989.9660801129248,11470.65394822806,3846.4456320088552,11982,-10607,-12890,-512,-1050,1611,-2387,-7367,-8462,3138,-1840,-1250,9463.818542767303,20548.20851071937,1989.9660801129248,18558.24243060645,7319.570314545366,13091.225373412824,3610.5375052976897,16701.762878710517,-9480.687868115136,1,-74,magnet
619.4110105576103,2508.233242742788,2836.155496442323,938.1044717940534,-311,470,-257,1340,-1903,935,325,-2328,1587,-470,-306,752,1725.4760553841936,2836.155496442323,619.4110105576103,2216.744485884713,960.4232828788582,4.614396231545925,-323.30785746798915,-318.6934612364431,-327.9222536995353,3,-60,empty
534.6905647194459,2548.349465830776,2061.2316706280253,917.7673997260962,137,505,-110,855,-2058,1236,216,-1808,966,187,-108,892,1515.5097752260858,2548.349465830776,534.6905647194459,2013.65890111133,819.1264378557069,-435.09731510470056,52.02048009805003,-383.0768350066503,487.1177952027506,2,-64,usb
1891.1247975741844,2317.1885982802523,3155.5772847452176,2428.3702353636277,-395,1442,1158,1083,-965,1807,1256,-1696,2346,-131,1186,-2115,2448.0652289908203,3155.5772847452176,1891.1247975741844,1264.4524871710332,455.0473981972888,150.57162433776102,-687.8170621272043,-537.2454377894433,-838.3886864649653,3,-64,scissors
1030.4241844987916,2697.9247580316246,5339.841008869084,16972.759734350806,-950,255,307,1682,-1615,1357,-703,1658,-5027,-1043,6768,-15530,6510.237421437577,16972.759734350806,1030.4241844987916,15942.335549852014,6232.902250678557,-6650.209649507278,-9292.125900344738,-15942.335549852014,-2641.91625083746,4,-63,scissors
633.6757846091327,2516.5665101483014,2829.9181966975652,940.800722788838,-316,480,-267,1357,-1893,953,337,-2318,1588,-480,-291,755,1730.240303560959,2829.9181966975652,633.6757846091327,2196.2424120884325,955.6763269712604,3.1133741847793317,-310.2383123644845,-307.1249381797053,-313.35168654926383,3,-59,empty
1520.2401126137936,1979.8242346228617,5122.757851001744,1868.868374177272,-276,1135,973,1396,-662,1238,3902,-1212,3090,-322,-181,-1832,2622.922643103918,5122.757851001744,1520.2401126137936,3602.51773838795,1453.2083671286643,1397.152677407702,-1745.78093897118,-348.6282615634784,-3142.933616378882,3,-67,scissors
4141.040690454514,1897.4746375116583,5997.60152060805,5632.179950960374,-997,1225,-3828,-281,-1293,1360,-646,92,-5962,1651,-2995,4475,4417.074199883649,5997.60152060805,1897.4746375116583,4100.126883096392,1612.383720682586,1304.493811295266,-2795.6330718011263,-1491.13926050586,-4100.126883096392,3,-62,screwdriver
621.1062711002039,2508.740122053299,2827.8205388602723,951.9863444398768,-293,482,-260,1350,-1901,926,340,-2315,1588,-477,-293,770,1727.413319113413,2827.8205388602723,621.1062711002039,2206.7142677600687,954.7997041000706,-5.899828266349914,-324.98024507332343,-330.880073339673,-319.0804168069735,3,-62,empty
16252.706143901083,1268.2022709331504,5200.777153464663,10367.53630328826,-7898,-12537,-6678,-237,98,1242,1775,-3693,-3203,6895,-7460,-2072,8272.30546789679,16252.706143901083,1268.2022709331504,14984.503872967933,5625.1341091395225,4908.872361572168,976.2974790406552,5885.1698406128235,-3932.574882531512,1,-68,magnet
926.697901152258,2755.467292493235,4025.637216640366,1320.099996212408,-888,225,140,2010,-1610,980,3231,-1845,1537,-758,-410,1000,2256.975601624567,4025.637216640366,926.697901152258,3098.9393154881086,1227.1952304631172,438.3839145434904,-831.7860096036409,-393.40209506015015,-1270.1699241471315,3,-61,Knife
1062.1854828606913,2515.2027751256956,2541.15052682835,7616.817905135976,-913,285,462,1556,-1497,1290,-1111,-2105,890,761,237,-7575,3433.8391724876783,7616.817905135976,1062.1854828606913,6554.632422275285,2488.113650436638,-3264.3423352863147,-3290.2900869889695,-6554.632422275285,-25.947751702654383,4,-63,scissors
1264.5038552728893,2658.828689479636,2436.2386993067817,20583.108365842123,-1121,400,427,1475,-1712,1401,633,-1733,1591,725,-19375,-6910,6735.669902475358,20583.108365842123,1264.5038552728893,19318.604510569232,8012.349107152509,-9770.597250371044,-9548.00726019819,-19318.604510569232,222.5899901728544,4,-62,scissors
1019.086355516548,2773.6692304598973,2673.843114320659,1360.2812209245558,-962,322,97,1990,-1671,970,1300,-2301,406,-813,-386,1020,1956.719980305415,2773.6692304598973,1019.086355516548,1754.5828749433497,777.2656680142101,-220.51049077362313,-120.68437463438477,-341.1948654080078,99.82611613923837,2,-61,Knife
4608.491510244974,3663.0668844562474,4243.661979941381,1997.547746613332,4513,520,775,1253,-3111,1473,-2143,-2587,2593,-1508,-767,1062,3628.192030313984,4608.491510244974,1997.547746613332,2610.9437636316425,1000.0009205826236,1595.7694295583883,1015.1743340732546,2610.9437636316425,-580.5950954851337,1,-63,keys
599.8891564280855,2560.2921708273843,2718.7855744799,886.7857689430971,207,517,-223,860,-2086,1210,55,-2167,1641,250,-208,825,1691.4381676696166,2718.7855744799,599.8891564280855,2118.896418051814,955.1563615191228,-64.20160443124792,-222.69500808376347,-286.8966125150116,-158.49340365251555,3,-64,usb
622.774437497237,2507.47701883786,2831.743102754909,949.6362461490188,-298,480,-262,1345,-1896,940,332,-2312,1601,-477,-306,762,1727.9077013097562,2831.743102754909,622.774437497237,2208.968665257672,955.668209032002,-1.2978623673661789,-325.5639462844156,-326.86180865178187,-324.2660839170494,3,-61,empty
461.8950097154114,2548.6822085148237,2718.0938173653976,868.9148404763265,147,427,-97,852,-2086,1191,47,-2161,1648,200,-218,817,1649.3964690179898,2718.0938173653976,461.8950097154114,2256.198807649986,996.260527166959,-118.80411095517049,-288.21571980574436,-407.0198307609151,-169.41160885057388,3,-64,usb
544.6989994483191,2545.984092644728,2309.6055940354836,898.1865062446664,152,512,-107,845,-2061,1233,-33,-1967,1210,143,-131,877,1574.6187980932996,2545.984092644728,544.6989994483191,2001.285093196409,866.3214707550617,-294.9330027027959,-58.55450409355126,-353.48750679634725,236.37849860924464,2,-64,usb
470.94267167034246,2530.0976265749114,2600.329594493744,910.3345538866466,71,415,-211,847,-2056,1207,33,-2095,1540,220,-222,855,1627.9261116564112,2600.329594493744,470.94267167034246,2129.3869228234016,950.3986400386092,-184.57995714873573,-254.8119250675684,-439.39188221630417,-70.23196791883265,3,-65,usb
10511.872525863317,1071.2600057875773,6714.600881660801,5078.068727380519,-592,-8870,-5610,-22,-825,683,1246,-6018,-2705,2921,-3746,-1795,5843.950535173053,10511.872525863317,1071.2600057875773,9440.612520075738,3387.944715081783,5538.57233717801,-104.76853869521436,5433.803798482796,-5643.340875873224,1,-74,magnet
5596.462632770811,4024.726947259901,5402.187890105267,13454.026683487737,3540,2705,3387,923,-3827,837,-1897,-2495,4400,-788,3851,12867,7119.351038405928,13454.026683487737,4024.726947259901,9429.299736227833,3707.177233684468,-3240.0515539357793,-4617.512496781145,-7857.564050716924,-1377.460942845366,4,-61,screwdriver
630.9532470793696,2514.020087429693,2832.6708245046757,922.1979180197708,-317,467,-282,1352,-1908,923,322,-2318,1596,-467,-286,742,1724.9605192583772,2832.6708245046757,630.9532470793696,2201.717577425306,960.587948602245,13.70303306729079,-304.947704007692,-291.2446709404013,-318.65073707498277,3,-67,empty
3025.578622346476,4582.740664711457,7678.810324522933,4687.782524819171,2001,595,2190,1342,-4288,902,-1868,-2652,6960,-1756,-237,4340,4993.72803410001,7678.810324522933,3025.578622346476,4653.2317021764575,1684.175784009394,716.9328786693904,-2379.136781142086,-1662.203902472695,-3096.0696598114764,3,-61,screwdriver
33876.54718237973,5698.727928231001,396.0467144163678,6824.42920690075,1296,8497,-32768,-3078,1190,4646,1,-396,-6,5656,2863,-2527,11698.937757981965,33876.54718237973,396.0467144163678,33480.50046796336,13032.316153886995,10874.718380832172,16177.399594646808,27052.117975478977,5302.681213814633,1,-61,magnet
4043.065173850157,3655.739323310676,2583.1047210672664,3779.349414912572,3896,442,-986,1195,-3106,1513,-1333,-2121,630,-2383,-597,2872,3515.314658285168,4043.065173850157,2583.1047210672664,1459.9604527828906,556.0956331832084,-404.45942165291217,668.1751805904969,263.7157589375852,1072.6346022434095,1,-69,keys
2162.6747328250726,2178.388854176407,2754.757339585467,4618.311163185088,-1531,1175,976,1045,-1243,1452,2008,-1668,880,1622,1155,-4167,2928.5330224430086,4618.311163185088,2162.6747328250726,2455.6364303600153,1004.3409961068083,-939.6339724754775,-1516.0024578845378,-2455.6364303600153,-576.3684854090598,4,-63,scissors
14023.544273827498,1167.1795063313955,7240.098963412033,5635.7750132523925,-4172,-11117,-7461,-492,-310,1012,1241,-6166,-3586,3638,-3746,-2120,7016.64943920583,14023.544273827498,1167.1795063313955,12856.364767496105,4617.077473607359,7230.344358827872,1157.424901747234,8387.769260575105,-6072.919457080638,1,-73,magnet
968.606215135955,2809.1778156606606,3047.311930209968,1380.8128041121288,-898,237,275,2022,-1686,980,1555,-2422,1001,-850,-400,1012,2051.477191279678,3047.311930209968,968.606215135955,2078.705715074013,892.7761946082811,-87.0362372134332,-325.17035176274044,-412.20658897617375,-238.13411454930747,3,-58,Knife
7269.38800725343,1953.4075355644557,6482.264573434195,3806.472645376557,2553,-5512,-3993,108,-1421,1336,-433,-5763,-2936,2428,-2545,-1455,4877.883190407159,7269.38800725343,1953.4075355644557,5315.980471688975,2120.9557587897193,3995.8861998733064,-532.9708379964322,3462.9153618768737,-4528.8570378697395,1,-69,magnet
624.9687992212091,2497.4076559504656,2853.028916783004,924.2710641364902,-281,480,-285,1320,-1911,918,343,-2333,1606,-457,-308,742,1724.9191090227923,2853.028916783004,624.9687992212091,2228.060117561795,964.4037366829396,28.159497958628435,-327.4617628739095,-299.30226491528106,-355.62126083253816,3,-63,empty
5405.851829267983,2006.2985819663031,4686.648909402112,1489.951005905899,-165,60,-5403,-172,-1745,975,-238,-2805,-3747,1423,-225,380,3397.187581635574,5405.851829267983,1489.951005905899,3915.900823362084,1678.508723593964,3298.1255753989462,617.7752479631381,3915.900823362084,-2680.350327435808,1,-57,screwdriver
1335.744361769871,2780.780645789955,4031.083849289171,1209.2522482923073,-1303,290,-48,2036,-1638,951,2377,-2638,1908,-671,-345,945,2339.215276285326,4031.083849289171,1209.2522482923073,2821.831600996864,1155.548523945821,688.3976584883901,-561.9055450108262,126.49211347756363,-1250.303203499216,3,-59,Knife
523.0812556381657,2547.393569906307,2455.2989634665673,923.1776643745231,135,485,-142,837,-2066,1233,205,-2008,1398,232,-108,887,1612.237863346391,2547.393569906307,523.0812556381657,2024.3123142681416,900.8793326479768,-246.0955075880488,-154.0009011483089,-400.0964087363576,92.09460643973988,2,-65,usb
15389.080999202,1547.6491850545458,8072.690629523715,3661.247055307795,-1162,-14367,-5391,-148,-733,1355,-1165,-5647,-5650,3327,-1451,-480,7167.666967272013,15389.080999202,1547.6491850545458,13841.431814147452,5298.35580593429,9126.437694181686,2601.3962497125167,11727.833943894204,-6525.041444469169,1,-73,magnet
1826.3329378839992,3488.465278600319,3345.2022360389515,847.247897607306,602,1612,-612,1253,-2841,1590,-680,-2143,2477,-23,-330,780,2376.8120875326435,3488.465278600319,847.247897607306,2641.2173809930127,1097.285993056831,417.9109988576629,561.1740414190303,979.0850402766932,143.26304256136746,2,-44,batteries
534.4464425927073,2547.7299699928953,2646.600272047141,944.8693031313908,150,507,-78,852,-2068,1220,28,-2165,1522,87,-172,925,1668.4114969410334,2646.600272047141,534.4464425927073,2112.153829454434,940.6705464055838,-155.77627924221883,-254.64658129646477,-410.4228605386835,-98.87030205424573,3,-64,usb
504.83066467876137,2521.7640650941157,2719.079623696224,870.2401967273173,197,462,-51,862,-2043,1201,68,-2167,1641,225,-198,817,1653.9786375491046,2719.079623696224,504.83066467876137,2214.2489590174628,977.5324375851716,-84.04698672322365,-281.3625453253321,-365.40953204855595,-197.31555860210847,3,-63,usb
4089.7815345076806,2898.3564308069494,4610.992301012874,1780.1353881095674,8,685,4032,1118,-1575,2161,325,-2235,4020,-1401,816,-735,3344.816413609268,4610.992301012874,1780.1353881095674,2830.8569129033067,1096.0984943197552,2011.1410083020191,298.50513809609447,2309.646146398113,-1712.635870205925,3,-47,keys
3452.1901743675708,2246.6572947381183,10185.714015227406,991.510463888304,316,745,-3356,-453,-1982,956,-1671,-2127,-9820,962,-240,-7,4219.01798705535,10185.714015227406,991.510463888304,9194.203551339102,3553.044395290245,5199.868215484277,-2739.1885050050105,2460.6797104792668,-7939.056720489288,3,-62,screwdriver
998.588003132423,2765.01663647798,3511.0374535171227,1344.956504872927,-948,295,-107,2012,-1622,983,2618,-2116,998,-798,-410,1002,2154.899649500114,3511.0374535171227,998.588003132423,2512.4494503847,1025.233754118684,199.82615764931916,-546.1946593898233,-346.36850174050414,-746.0208170391429,3,-61,Knife
1437.2884192116765,2360.210583825096,3961.025750989256,880.755357633435,438,845,-1077,532,-1967,1191,-1965,-3330,860,308,-221,795,2159.820027914866,3961.025750989256,880.755357633435,3080.2703933558214,1166.464400235956,1078.6741143712009,-522.1410527929593,556.5330615782415,-1600.8151671641604,3,-64,scissors
6851.1817958655865,2469.838456255793,3340.7289623673455,682.9670563065249,3992,-2,-5568,217,-2247,1002,-2030,-2511,-857,570,-262,270,3336.179067698813,6851.1817958655865,682.9670563065249,6168.214739559062,2244.1782968936054,3519.5526228353074,2648.6621167237545,6168.214739559062,-870.8905061115524,1,-61,screwdriver
3981.644886224787,4226.915305515359,5779.139209259455,8917.245538842137,2530,1060,2886,1086,-3981,916,-1712,-2391,4975,-3102,2292,8040,5726.236234960435,8917.245538842137,3981.644886224787,4935.60065261735,1967.0346543531316,-1691.688374436626,-3243.912278180722,-4935.60065261735,-1552.223903744096,4,-61,screwdriver
997.8822575835288,2814.8415585961493,3056.6053065451547,1398.9060011308836,-926,217,302,2033,-1688,970,1588,-2406,1016,-855,-388,1037,2067.058780963929,3056.6053065451547,997.8822575835288,2058.723048961626,884.3002861245238,-79.62999779917482,-321.39374574818,-401.0237435473549,-241.7637479490054,3,-60,Knife
2765.0853513047296,2554.4880113243826,13953.59932060542,639.9414035675454,918,622,-2533,-72,-2360,975,-7247,-2366,-11687,585,-230,120,4978.2785217005185,13953.59932060542,639.9414035675454,13313.657917037874,5247.631295201226,6762.12762850911,-4636.983680771926,2125.143947737184,-11399.111309281036,3,-62,screwdriver
1790.9634278789729,2343.6682785752764,4007.645443399403,4511.385928957974,-1037,1095,966,1436,-1286,1333,1147,-1933,3318,-2747,-1415,-3287,3163.415769702907,4511.385928957974,1790.9634278789729,2720.4225010790014,1127.5369918521376,-528.2226681274374,-2192.1998329515645,-2720.4225010790014,-1663.9771648241267,4,-66,scissors
1832.7422077313547,3497.6902378569775,3356.3934513104987,895.7103326410833,600,1620,-612,1256,-2851,1590,-648,-2153,2492,126,-361,810,2395.6340573849784,3497.6902378569775,895.7103326410833,2601.979905215894,1084.4589494753527,397.8675442718963,539.1643308183752,937.0318750902716,141.29678654647887,2,-45,batteries
2931.015694260268,3673.3701147583806,4301.3521129988885,1324.5425625475384,1753,1662,1660,1360,-2988,1648,-2395,-2426,2623,-990,-72,877,3057.570121141269,4301.3521129988885,1324.5425625475384,2976.8095504513503,1111.9356790319157,1117.2275649766189,489.24556673611096,1606.4731317127296,-627.9819982405079,3,-72,keys
3247.305498409412,2333.5957233419845,13840.458590668157,860.5097326584981,202,795,-3142,-578,-2036,983,-2325,613,-13630,832,-218,27,5070.467386269513,13840.458590668157,860.5097326584981,12979.94885800966,5134.463821547212,6946.829316538543,-4560.03355078763,2386.7957657509137,-11506.862867326172,3,-62,screwdriver
706.6781445608743,2557.788497902045,2725.573884524138,878.3490194677739,263,572,-321,857,-2083,1212,45,-2178,1638,242,-193,822,1717.0973866137078,2725.573884524138,706.6781445608743,2018.8957399632636,928.4708206962534,-1.9427441424031713,-169.7281307644962,-171.6708749068996,-167.78538662209303,3,-65,usb
1337.2707280128434,2797.352140864643,3367.2228913453296,1516.6123433494795,-1217,-50,-552,2033,-1651,983,2025,-2363,1286,-735,-492,1232,2254.6145258930737,3367.2228913453296,1337.2707280128434,2029.9521633324864,854.1996778458479,195.26456757202504,-374.6061829086616,-179.34161533663632,-569.8707504806866,3,-62,Knife
3495.112158429254,2918.869986827094,4426.941833817111,1309.434610814912,-780,847,3300,977,-1768,2107,875,-2158,3765,-445,813,-925,3037.589647472093,4426.941833817111,1309.434610814912,3117.5072230021988,1133.6049283460125,1846.8746973021791,338.8028503121627,2185.677547614342,-1508.0718469900166,3,-45,keys
2037.5092637826217,1961.8802206047137,3171.0643323653967,726.0337457721921,-1460,1230,712,15,-707,1830,2218,-1330,1835,666,288,-25,1974.121890631231,3171.0643323653967,726.0337457721921,2445.0305865932046,865.2402908617778,1260.3298148855563,51.14570312487308,1311.4755180104294,-1209.184111760683,3,-64,scissors
1233.3284234136502,2741.395629966605,5381.447853505597,1326.6412476626829,-1175,215,307,1985,-1620,975,4066,-3493,476,-817,-358,982,2670.7032886371335,5381.447853505597,1233.3284234136502,4148.119430091947,1675.2375037775384,1273.3696996449794,-1366.6825238940123,-93.3128242490327,-2640.0522235389917,3,-60,Knife
994.1901226626626,2868.9316827000257,3134.5435074345355,3576.1926681877753,-733,270,615,2137,-1720,840,1171,-2711,1051,-1648,-495,3135,2643.46449524625,3576.1926681877753,994.1901226626626,2582.0025455251125,985.149969483068,-1158.1953603953016,-1423.8071851298114,-2582.0025455251125,-265.6118247345098,4,-63,Knife
16391.38776919148,1678.837097517207,7016.430431494351,5394.175469893429,4362,-13495,-8218,-202,-851,1433,786,-5150,-4700,4273,-2750,-1810,7620.207692024116,16391.38776919148,1678.837097517207,14712.550671674271,5421.098848980388,8167.4028166375965,2829.809482660453,10997.21229929805,-5337.593333977144,1,-74,magnet
433.9827185499441,2546.6625218116355,2703.0630773254256,882.1320762788303,96,410,-105,860,-2071,1207,50,-2161,1623,212,-222,827,1641.460098491459,2703.0630773254256,433.9827185499441,2269.0803587754817,997.6187874435856,-145.87440110754824,-302.27495662133833,-448.1493577288862,-156.4005555137901,3,-64,usb
21954.84160726285,2235.9297842284764,16682.891176291956,3291.73191496513,12755,-8642,-15641,-893,-947,1818,-6456,-7571,-13391,3073,-631,-997,11041.348620687102,21954.84160726285,2235.9297842284764,19718.911823034377,8492.986688229943,16555.0355421806,2108.0741501171196,18663.10969229772,-14446.96139206348,1,-72,magnet
630.4070113823291,2511.91898754717,2834.015172859877,941.2730740863674,-308,482,-265,1342,-1903,942,337,-2323,1588,-465,-311,757,1729.4035614689358,2834.015172859877,630.4070113823291,2203.608161477548,956.744517401882,5.615061304334404,-316.4811240083727,-310.8660627040383,-322.0961853127069,3,-61,empty
3962.07799014608,3583.021350759718,3469.1467250607893,1701.5313690907965,3942,397,-33,1233,-3027,1468,-2021,-2807,267,-1316,-507,952,3178.9443587643464,3962.07799014608,1701.5313690907965,2260.5466210552836,872.2876611991828,1073.3359976781771,1187.2106233771065,2260.5466210552836,113.87462569892932,1,-74,keys
3782.2855524140423,3600.5477361090493,4951.240450634568,969.3637088317264,560,1890,3228,1360,-2890,1662,-1378,-2363,4127,-671,-80,695,3325.8593619973467,4951.240450634568,969.3637088317264,3981.876741802842,1455.9115715642222,2081.807279053918,731.1145645283987,2812.9218435823163,-1350.692714525519,3,-71,keys
526.468422604813,2565.962002836363,2620.755234660421,912.071817347735,140,500,-87,852,-2081,1236,33,-2113,1550,183,-181,875,1656.314369362333,2620.755234660421,526.468422604813,2094.286812055608,947.1079451909674,-165.4050814594318,-220.19831328349005,-385.603394742922,-54.79323182405824,3,-63,usb
10339.762521450868,635.9418212383897,6330.867634060911,10988.174552672524,-5736,-6432,-5713,-207,598,63,3275,-4898,-2316,4622,-8386,-5390,7073.686632355673,10988.174552672524,635.9418212383897,10352.232731434133,4122.705595507962,2523.256890800433,-3171.668922022088,-648.4120312216546,-5694.925812822521,4,-72,magnet
2553.326457780125,22152.96138217191,14142.318480362404,2632.0936533489835,-276,1030,-2320,-9167,-3580,-19847,9416,-9660,4246,523,-628,-2502,10370.174993415854,22152.96138217191,2553.326457780125,19599.634924391787,8277.139382415427,-4044.705048689182,3965.937853120324,-78.76719556885837,8010.642901809506,2,-67,magnet
4269.3471397861285,1818.6582966571816,6521.48242349851,1967.5075603412556,-820,995,-4070,-382,-1345,1163,-327,-1220,-6398,1906,-335,355,3644.248855070769,6521.48242349851,1818.6582966571816,4702.8241268413285,1924.4131007440656,3502.3318531431005,-1200.4922736982276,2301.839579444873,-4702.8241268413285,3,-60,screwdriver
6191.898577980747,1901.486786701396,3597.648954525719,4468.107988847181,-1242,970,-5988,-156,-1470,1196,327,-1575,-3218,3018,-1191,3072,4039.7855770137608,6191.898577980747,1901.486786701396,4290.411791279352,1547.8094978877716,1709.9763784789438,13.814210654621093,1723.7905891335658,-1696.1621678243232,1,-61,screwdriver
21950.51056353815,2569.574672976055,8140.471055166279,2137.814070493503,13412,-14217,-9991,-217,-1572,2021,-5238,-3220,-5335,2112,196,-267,8699.592590543496,21950.51056353815,2137.814070493503,19812.69649304465,8008.331615171831,12691.796437617437,7120.900055427212,19812.69649304465,-5570.896382190224,1,-74,magnet
5176.447913386167,1285.0038910446924,8010.467464511668,2649.298963877048,-88,-3755,-3562,-35,-1217,411,-161,-7608,-2502,1982,-1606,-715,4280.3045582048935,8010.467464511668,1285.0038910446924,6725.4635734669755,2566.5732775454526,4626.306261488047,-2099.157311978929,2527.1489495091187,-6725.4635734669755,3,-70,magnet
617.508704392092,2510.1384423971517,2838.848181921675,943.6540679719448,-288,482,-257,1345,-1901,937,327,-2331,1587,-475,-303,757,1727.5373491707155,2838.848181921675,617.508704392092,2221.339477529583,961.0037498471146,1.282187972335123,-327.4275515521879,-326.14536357985287,-328.70973952452323,3,-63,empty
1801.1912724638655,3397.7293888713384,3098.938043911172,1308.495701177501,673,1600,-481,1116,-2703,1730,-392,-2053,2288,-6,-315,1270,2401.5886016059694,3397.7293888713384,1308.495701177501,2089.2336876938375,870.9078244201764,96.95211316309906,395.743458123266,492.6955712863648,298.7913449601665,2,-43,batteries
4290.521879678508,4026.9833622700753,6238.100752632968,3632.229755948817,2323,600,3557,1315,-3731,753,-786,-2821,5508,-2745,-178,2372,4546.958937632592,6238.100752632968,3632.229755948817,2605.870996684151,1004.0947014515564,1434.704757046292,-776.4126333166005,658.2921237296919,-2211.1173903628924,3,-58,screwdriver
624.3172270568865,2512.0368229785167,2835.460280095632,943.5327233329008,-298,482,-262,1352,-1901,932,335,-2323,1591,-465,-298,765,1728.836763365984,2835.460280095632,624.3172270568865,2211.1430530387456,958.4732367855812,2.10398042055067,-321.31947669656483,-319.21549627601416,-323.4234571171155,3,-63,empty
525.7927348299899,2546.4261230202615,2371.65195591596,916.79932373448,125,492,-137,837,-2066,1231,166,-1976,1301,190,-111,890,1590.1675343751729,2546.4261230202615,525.7927348299899,2020.6333881902715,881.9675235626214,-282.89037800439564,-108.1162109000943,-391.0065889044902,174.77416710430134,2,-64,usb
2655.0873808596207,3652.861481085753,4963.306357661191,1154.1395062989568,1620,1060,1817,1393,-2978,1592,-2572,-2851,3145,-803,-198,805,3106.34868147638,4963.306357661191,1154.1395062989568,3809.1668513622344,1392.993671590059,1405.6963755680508,95.2514989926126,1500.947874560664,-1310.4448765754382,3,-70,keys
2172.8074005764984,2284.4857189310683,3999.0803942906673,586.850918036259,-48,1102,1872,1205,437,1891,3156,-1658,1812,13,175,-560,2260.8061079586237,3999.0803942906673,586.850918036259,3412.2294762544084,1207.4796032302086,1650.275578949919,-64.31909640967979,1585.9564825402394,-1714.594675359599,3,-65,scissors
1107.8673205758892,2772.753505092005,2656.702090939065,1277.6106605691737,-1056,335,-3,1992,-1663,977,1760,-1971,275,-756,-393,952,1953.7333942940336,2772.753505092005,1107.8673205758892,1664.886184516116,764.4590074165623,-142.89737707311247,-26.84596292017227,-169.7433399932845,116.0514141529402,2,-61,Knife
1815.5963207717732,3363.7082215911655,3042.848829633178,992.7335997134376,633,1610,-551,1145,-2662,1708,-496,-1967,2268,36,-340,932,2303.7217429273887,3363.7082215911655,992.7335997134376,2370.9746218777277,952.2127551989604,251.00166455017416,571.8610565081617,822.8627210583355,320.85939195798755,2,-45,batteries
16614.826330720403,5487.182245925499,23971.382104501194,14928.902772809528,-14527,8050,465,-4316,2688,2063,13186,-5970,-19108,9745,6963,-8912,15250.573363489157,23971.382104501194,5487.182245925499,18484.199858575696,6582.950883519874,10085.061708243284,-8399.138150332412,1685.9235579108754,-18484.199858575696,3,-56,magnet
625.9800316304028,2495.4664894564303,2838.505592737136,939.5983184318712,-301,475,-275,1335,-1898,918,337,-2323,1596,-460,-301,762,1724.88760806396,2838.505592737136,625.9800316304028,2212.525561106733,956.3229002525196,14.710408239618571,-328.32869504108703,-313.61828680146846,-343.0391032807056,3,-58,empty
616.837093566851,2506.1624049530387,2845.947469648728,915.4288612448266,-288,462,-290,1335,-1913,916,332,-2328,1603,-447,-301,740,1721.093957353361,2845.947469648728,616.837093566851,2229.1103760818773,968.259696549302,20.596648508856788,-319.1884161868327,-298.59176767797567,-339.78506469568947,3,-63,empty
5585.528175562272,2017.6818381499104,4023.875867866702,3842.7300191400386,-1250,1720,-5165,-96,-1480,1368,-213,-748,-3948,2250,-2457,1915,3867.4539751797306,5585.528175562272,2017.6818381499104,3567.8463374123617,1264.7643060533062,1874.496093069512,-131.69793664727922,1742.7981564222332,-2006.1940297167912,1,-62,screwdriver
1708.1747568676924,2782.346851131253,3732.205112262722,1178.997455467992,-1566,247,636,2046,-1627,953,2055,-2681,1587,-661,-335,917,2350.431043932415,3732.205112262722,1178.997455467992,2553.20765679473,984.9620082616271,739.5177812655847,-210.3404798658839,529.1773013997004,-949.8582611314692,3,-61,Knife
17988.114103485113,3150.9696920154597,27333.38702027248,4866.664874428894,-516,-5067,-17252,-3061,435,608,1611,-19535,-19050,3977,-697,-2717,13334.783922550489,27333.38702027248,3150.9696920154597,24182.41732825702,9912.536039727123,18651.933278656623,-5530.4840496004,13121.44922905622,-24182.41732825702,3,-73,magnet
2545.5549493185176,2793.7619798400865,3348.125893690379,1218.0960553256873,-2515,392,-31,2041,-1648,961,1793,-2557,1207,-18,-225,1197,2476.3847195436674,3348.125893690379,1218.0960553256873,2130.029838364692,782.4218624314065,940.9114039215616,386.5474900712688,1327.4588939928303,-554.3639138502926,3,-60,Knife
4451.611281322753,3770.1546387383105,4620.081168118153,2198.5467927701698,3737,2157,-1095,1357,-3211,1436,605,-2126,4057,-1370,-872,1482,3760.098470237346,4620.081168118153,2198.5467927701698,2421.5343753479833,956.0733466208366,1551.4955089662135,701.56897958637,2253.064488552583,-849.9265293798426,3,-67,keys
1787.2641103093856,2378.4484438389663,3252.5945028546057,7001.7411406021,-928,875,-1252,1197,-1352,1548,761,-2065,2395,-825,-623,-6925,3605.012049401264,7001.7411406021,1787.2641103093856,5214.4770302927145,2029.201351190092,-2170.1654856385376,-3044.3115446541774,-5214.4770302927145,-874.1460590156394,4,-66,scissors
1114.0206461282485,2312.4711890097137,5455.171583002683,5369.989664794523,-883,507,452,1837,-585,1277,-3837,-3138,2278,460,1217,-5210,3562.913270733792,5455.171583002683,1114.0206461282485,4341.150936874435,1897.817634871441,-556.6343123366528,-3699.3347063296223,-4255.969018666275,-3142.7003939929696,3,-63,scissors
3964.0996455689656,2895.846853685464,4218.043859421095,1362.1314180357194,-1081,695,3750,977,-1806,2042,843,-2123,3546,-477,777,-1012,3110.0304441778108,4218.043859421095,1362.1314180357194,2855.912441385375,1124.516956869557,1962.0826166344384,639.8856108988075,2601.968227533246,-1322.197005735631,3,-46,keys
4468.808118503188,3677.020261026583,2792.348473955212,3392.0504123612313,4286,747,-1021,1205,-3103,1562,-1547,-2200,751,-2235,91,2550,3582.556816461554,4468.808118503188,2792.348473955212,1676.459644547976,603.1348579089583,96.04295953529254,980.7147466066637,1076.7577061419563,884.671787071371,1,-71,keys
9357.812832067117,1737.686392879912,7101.586090444866,3174.6069047993956,3006,-7960,-3895,197,-1276,1163,475,-6630,-2500,1776,-2233,-1392,5342.923055047822,9357.812832067117,1737.686392879912,7620.126439187205,3037.7443075147785,5773.552812416338,409.6531148513832,6183.205927267722,-5363.899697564954,1,-71,magnet
1052.0746171256103,2779.437892812142,5138.705965513108,1269.6215971698025,-1020,155,206,2071,-1503,1085,-2841,-2737,3293,-815,-383,895,2559.9600181551655,5138.705965513108,1052.0746171256103,4086.6313483874974,1630.7048186127995,1070.860546328387,-1288.4075263725792,-217.54698004419197,-2359.268072700966,3,-61,Knife
4597.646463137417,528.9792056404486,5551.763143362656,6139.257691284834,-1898,-3082,-2835,207,-471,-123,1825,-5168,-885,2008,-5161,-2650,4204.411625856339,6139.257691284834,528.9792056404486,5610.278485644386,2192.169160982805,1740.5863547873955,-3282.197582934812,-1541.611228147417,-5022.783937722207,4,-76,magnet
962.9293847422042,2822.2645163060106,3051.444412077664,1395.297100978856,-898,210,277,2036,-1691,980,1565,-2422,998,-845,-402,1035,2057.983853526184,3051.444412077664,962.9293847422042,2088.51502733546,895.7380803703275,-101.5939102324994,-330.77380600415245,-432.36771623665175,-229.1798957716533,3,-58,Knife
968.1187943635842,2811.6278203204633,3033.533418309414,1387.2750268061484,-898,235,275,2031,-1681,977,1550,-2412,991,-842,-388,1032,2050.1387649499025,3033.533418309414,968.1187943635842,2065.41462394583,888.4095589589792,-98.62531722680684,-320.53091521575766,-419.15623244256415,-221.90559798895083,3,-58,Knife
607.7770972980144,2498.337046917409,2833.4688987176123,928.1152945620496,-308,452,-265,1342,-1890,932,332,-2321,1591,-450,-293,757,1716.9245843737715,2833.4688987176123,607.7770972980144,2225.691801419598,963.0297096003592,7.396827268083825,-327.73502453211927,-320.3381972640352,-335.1318518002031,3,-60,empty
616.2053229241046,2862.064639381857,2737.3668004123965,3922.889751191078,147,590,100,426,-2627,1053,-57,-2162,1678,3200,-350,2242,2534.6316284773593,3922.889751191078,616.2053229241046,3306.6844282669736,1199.5763868642175,-1715.691133618217,-1590.9932946487563,-3306.6844282669736,124.69783896946046,4,-66,scissors
2078.716911943519,3462.540541278903,3873.5571507336767,1066.4605009094337,842,1800,-610,1243,-2777,1653,-525,-2396,2998,-467,-225,932,2620.3187762163834,3873.5571507336767,1066.4605009094337,2807.0966498242433,1116.6637860197116,711.6365102444292,300.6199007896562,1012.2564110340852,-411.0166094547735,3,-43,batteries
2905.2483542719715,19876.052777148685,16693.44748696326,2596.935501701958,-228,1320,-2578,-16935,-10060,-2657,11842,-9183,7356,707,-96,-2497,10517.921030021467,19876.052777148685,2596.935501701958,17279.117275446726,7848.671126772488,-1437.1462188077055,1745.459071377718,308.31285257001355,3182.6052901854237,2,-68,magnet
614.2450651002416,2508.163272197406,2821.044487419509,946.0623658089354,-298,482,-237,1347,-1893,945,332,-2312,1582,-475,-303,760,1722.378797631523,2821.044487419509,614.2450651002416,2206.7994223192673,955.922474612554,-9.4680427432952,-322.34925796539846,-331.8173007086938,-312.88121522210304,3,-62,empty
4417.190283426785,3682.6942582842794,2065.1789268729235,2968.824346437492,3448,2235,-1621,1197,-3172,1438,708,-1546,1172,-1827,-1433,1850,3283.4719537553697,4417.190283426785,2065.1789268729235,2352.0113565538613,870.0483773342111,-84.57469721103143,1532.9406342003244,1448.365936989293,1617.515331411356,1,-70,keys
4259.4540730004355,3662.21695151994,3026.359859633352,1732.5856400189862,4182,665,460,1342,-3062,1495,-2403,-1707,686,-1230,-592,1067,3170.1541310431785,4259.4540730004355,1732.5856400189862,2526.8684329814496,937.5473510334672,945.5056705474308,1581.3627624340188,2526.8684329814496,635.857091886588,1,-71,keys
622.6274969835496,2503.3375721224656,2836.273964200215,934.7229536071104,-316,472,-255,1345,-1893,935,327,-2336,1575,-457,-303,757,1724.240496728335,2836.273964200215,622.6274969835496,2213.6464672166653,959.231442062876,10.420467727094092,-322.51592435065504,-312.0954566235607,-332.93639207774913,3,-61,empty
1779.298176248152,3464.196732288742,3031.5001237011356,1071.6986516740608,627,1562,-577,1167,-2813,1651,-472,-2053,2180,43,-383,1000,2336.6734209780225,3464.196732288742,1071.6986516740608,2392.4980806146814,957.1992079472614,137.45145799324246,570.148066580849,707.5995245740912,432.69660858760653,2,-46,batteries
1213.9876440886867,2107.846531415416,17027.43577289311,713.2531107538193,-355,795,-846,88,-1763,1152,6881,-5552,-14552,436,-147,545,5265.630764787758,17027.43577289311,713.2531107538193,16314.18266213929,6809.030999262722,7710.161887406281,-7209.427354071413,500.73453333486736,-14919.589241477694,3,-64,scissors
530.4083332678701,2543.960691520213,2356.9138719944776,903.9015433109956,130,497,-132,822,-2066,1236,171,-1971,1281,202,-103,875,1583.7961100233892,2543.960691520213,530.4083332678701,2013.5523582523429,879.1344503969691,-280.2700147844305,-93.22319525869511,-373.4932100431256,187.04681952573537,2,-65,usb
1384.5609412373296,2453.7834052743938,2816.831198350373,2476.2118245416727,-1096,457,712,1662,-1472,1045,623,-1747,2120,-1381,-1300,-1592,2282.8468423509426,2816.831198350373,1384.5609412373296,1432.2702571130435,538.2067858809769,-364.30154511418186,-727.3493381901612,-1091.650883304343,-363.04779307597937,3,-63,scissors
4601.153116339425,3587.0996640740273,1615.3457834160463,2359.390811205299,3155,1987,-2696,1106,-3088,1452,-1118,-983,-627,-1673,-986,1340,3040.7473437586996,4601.153116339425,1615.3457834160463,2985.8073329233785,1143.3922517773217,135.00421223807234,2106.7580928960533,2241.7623051341257,1971.753880657981,1,-76,keys
1027.2789299893188,2792.1973425959704,3243.442923807971,1606.8876749791816,-1002,77,-213,2022,-1651,991,2025,-2321,1016,-938,-488,1210,2167.4517178431106,3243.442923807971,1027.2789299893188,2216.163993818652,889.1414683946246,-64.1815818889313,-515.4271631009317,-579.6087449898628,-451.2455812120006,3,-60,Knife
1002.0888184188068,2813.0191965217728,3063.348168262955,1400.02642832198,-921,230,321,2022,-1697,972,1583,-2417,1018,-855,-405,1032,2069.620652881378,3063.348168262955,1002.0888184188068,2061.2593498441483,884.3240939649087,-73.80431908099581,-324.13329082217774,-397.9376099031732,-250.32897174118216,3,-63,Knife
7239.464413891404,2111.91121972492,3230.5575370205065,1550.6185862422776,1,630,-7212,-32,-1808,1091,-281,-2305,-2246,707,13,1380,3533.137939219777,7239.464413891404,1550.6185862422776,5688.845827649126,2223.66135066602,3403.7460724723564,2285.09975517677,5688.845827649126,-1118.6463172955864,1,-61,screwdriver
529.6810360962529,2552.3389273370417,2305.1596473997197,895.1228965901834,132,497,-127,847,-2071,1228,146,-1946,1227,190,-116,867,1570.5756268557996,2552.3389273370417,529.6810360962529,2022.6578912407888,872.2343150361105,-306.3105702156263,-59.13129027830405,-365.4418604939305,247.179279937322,2,-64,usb
3653.682799587288,2902.944367362213,4376.261989415168,1357.9675990243654,-822,817,3465,985,-1781,2070,846,-2132,3727,-470,826,-970,3072.7141888472584,4376.261989415168,1357.9675990243654,3018.294390390802,1118.6977981817674,1884.516411307938,411.1987892549837,2295.7152005629223,-1473.3176220529544,3,-45,keys
15204.132102819944,2247.242087537522,17394.522471168904,2825.0607073123224,10358,-4810,-10037,-700,-1271,1716,-8676,-8420,-12506,2678,-322,-840,9417.739342209674,17394.522471168904,2247.242087537522,15147.280383631383,6928.038191450456,13763.175889569502,-1384.1044940618794,12379.07139550762,-15147.280383631383,3,-73,magnet
5304.077111053345,2164.362723759583,4795.893451693855,1103.3027689623552,461,272,-5277,-136,-1911,1007,-877,-2436,-4037,1002,-252,387,3341.909013867285,5304.077111053345,1103.3027689623552,4200.77434209099,1757.9922903791685,3416.152535012631,784.6218070783589,4200.77434209099,-2631.5307279342724,1,-62,screwdriver
5205.993469070048,860.7920771010848,7268.309156880987,5079.783164663626,-1968,-2980,-3788,-375,-773,53,213,-6390,-3457,3668,-3337,-1102,4603.7194669289365,7268.309156880987,860.7920771010848,6407.517079779902,2329.1046712888515,3266.863692093162,-3140.6533876867397,126.21030440642244,-6407.517079779902,3,-72,magnet
5679.656679765072,2319.191453933892,7359.329453149927,3639.0884847719767,18,1080,-5576,-52,-853,2156,-1140,-3141,-6557,3526,-633,-640,4749.316517905217,7359.329453149927,2319.191453933892,5040.137999216035,1924.5658244790347,3540.353097104565,-1499.7849021114698,2040.5681949930952,-5040.137999216035,3,-71,magnet
1811.3853814139056,3369.109377862346,3049.991803267674,1000.946552019637,627,1612,-538,1137,-2660,1727,-480,-1967,2281,31,-337,942,2307.8582786408906,3369.109377862346,1000.946552019637,2368.162825842708,952.8273273309836,245.6606273997986,564.7782019944698,810.4388293942686,319.11757459467117,2,-46,batteries
1586.1932416953491,3254.341254386208,4616.120124086894,3004.572016111446,367,822,1306,1428,-2593,1352,-3103,-2830,1916,-1732,-898,2285,3115.306659069974,4616.120124086894,1586.1932416953491,3029.926882391545,1074.96763670088,-28.29995235770548,-1390.078822058391,-1418.3787744160968,-1361.7788697006858,3,-63,scissors
902.4350392133496,2812.0336057735867,3118.5268958275797,518.5624359708289,142,440,-775,720,-2542,963,-221,-2463,1900,107,-303,407,1837.8894941963365,3118.5268958275797,518.5624359708289,2599.96445985675,1140.6892465184087,345.1829466482568,38.68965659426385,383.8726032425208,-306.49329005399295,3,-60,screwdriver
18965.06021609212,1225.1008121783284,9759.01854696465,5108.185294211634,-2756,-16782,-8393,-502,-208,1098,1367,-7127,-6525,4188,-2447,-1602,8764.341217361682,18965.06021609212,1225.1008121783284,17739.959403913792,6619.132743468373,11195.396328333403,2661.478593547081,13856.874921880484,-8533.91773478632,1,-71,magnet
1265.8763762706058,2762.5265609582834,3778.264284033079,1274.76193855951,-1113,445,407,2027,-1582,1010,1463,-1936,2896,-832,-363,895,2270.3572899553697,3778.264284033079,1265.8763762706058,2512.387907762474,1062.5683629520076,503.4260803929455,-512.3116426818503,-8.885562288904339,-1015.737723074796,3,-60,Knife
533.9597363097708,2544.231514622834,2163.392937032013,895.1664649661536,135,502,-122,847,-2061,1228,107,-1868,1086,207,-155,857,1534.1876632326928,2544.231514622834,533.9597363097708,2010.271778313063,840.3707300856029,-371.0226531236017,9.815924467219247,-361.2067286563828,380.83857759082093,2,-63,usb
1093.528691896102,2742.7309383167717,4091.2983269373062,1349.1126713510623,-1052,195,226,1995,-1602,988,3497,-1847,1048,-801,-398,1010,2319.1676571253106,4091.2983269373062,1093.528691896102,2997.7696350412043,1200.3177196658798,546.491704582787,-802.0756840377478,-255.58397945496063,-1348.5673886205343,3,-61,Knife
536.075554376433,2560.682135681818,2722.176702567267,883.9078006217617,167,492,-132,855,-2078,1228,71,-2167,1646,202,-208,835,1675.71054831182,2722.176702567267,536.075554376433,2186.101148190834,975.1904471827536,-93.16883967994022,-254.6634065653884,-347.83224624532863,-161.49456688544842,3,-64,usb
4049.6520838215224,3593.3302102645675,3571.4950650952887,1765.3880593229353,3912,647,-823,1221,-3045,1466,-2317,-2708,-232,-1355,-571,977,3244.9663546260786,4049.6520838215224,1765.3880593229353,2284.264024498587,875.307007480655,1131.214439664654,1153.0495848339333,2284.264024498587,21.835145169278803,1,-74,keys
1842.1359884655635,3403.200552421206,3122.293708157514,1285.1587450583684,658,1630,-551,1083,-2713,1746,-325,-2038,2343,13,-330,1242,2413.197248525663,3403.200552421206,1285.1587450583684,2118.0418073628375,877.7109659268076,138.03519957175197,418.9420438354432,556.9772434071954,280.9068442636917,2,-42,batteries
2339.2729639783383,2117.3060714029984,4964.539253546093,895.3261975391986,-423,162,-2295,510,-1681,1182,-187,-1880,-4591,715,-260,472,2579.1111216166573,4964.539253546093,895.3261975391986,4069.2130560068945,1482.9181779023645,2145.5899742911174,-701.6432078519774,1443.9467664391398,-2847.233182143095,3,-63,scissors
1822.9476130706555,3489.070506596277,3366.7386295939277,834.450118341414,600,1607,-617,1261,-2846,1576,-672,-2156,2497,-33,-327,767,2378.301716900569,3489.070506596277,834.450118341414,2654.620388254863,1107.1032893943582,433.08280886344573,555.4146858657955,988.4974947292416,122.3318770023493,2,-46,batteries
5449.463276323641,2164.5962672055034,4691.402881868066,1086.163891868994,360,267,-5431,-116,-1911,1010,-880,-2445,-3906,982,-232,402,3347.906579316551,5449.463276323641,1086.163891868994,4363.299384454647,1784.4625342575691,3445.052999558605,918.2463848960424,4363.299384454647,-2526.806614662563,1,-63,screwdriver
1761.4704084939945,3402.13433009339,2932.9524373913737,1070.6381274735174,620,1587,-447,1098,-2755,1667,21,-2035,2112,21,-340,1015,2291.798825863069,3402.13433009339,1070.6381274735174,2331.4962026198727,924.1759257699038,110.8251941592307,580.0070868612465,690.832281020477,469.1818927020163,2,-44,batteries
667.7349773675181,2519.308039918898,2644.8345884005676,547.8403051985131,190,597,-231,842,-2043,1210,86,-2123,1575,-8,-361,412,1594.9294777213745,2644.8345884005676,547.8403051985131,2096.9942832020542,989.047754709258,122.71061032533748,-2.8159381563323223,119.89467216900503,-125.52654848166958,3,-64,usb
527.0037950527491,2555.000782778745,2142.151021753602,893.5714856686061,142,495,-112,867,-2066,1228,-67,-1871,1041,151,-137,870,1529.4317713134255,2555.000782778745,527.0037950527491,2027.996987725996,842.0802853036506,-389.70872582050015,23.141035204643003,-366.56769061585703,412.8497610251429,2,-64,usb
1635.3057818035134,2777.9541032925654,3409.5133083770183,1377.3833888935935,-1610,282,51,2015,-1648,970,2011,-2582,956,-796,-388,1055,2300.0391455916724,3409.5133083770183,1377.3833888935935,2032.1299194834248,829.5329582035479,444.74079899718663,-186.8184060872668,257.92239290991984,-631.559205084453,3,-61,Knife
4438.243120875647,3685.4223638546505,2055.801546842496,2966.4183791232144,3463,2252,-1623,1187,-3187,1420,696,-1548,1160,-1818,-1433,1855,3286.4713526740024,4438.243120875647,2055.801546842496,2382.441574033151,880.7272835861938,-78.89803762986139,1550.722779382294,1471.8247417524326,1629.6208170121545,1,-71,keys
4888.858557986721,4180.887226414987,5643.982459221503,10090.565791867171,3357,967,3420,953,-4003,740,-1752,-2753,4605,-4082,237,9225,6201.073508872596,10090.565791867171,4180.887226414987,5909.678565452186,2304.4284188402357,-1869.306000536968,-3332.401233343484,-5201.707233880452,-1463.095232806516,4,-57,screwdriver
4618.254756940115,3609.91329535766,3163.214346199132,1429.7066132602172,4431,1030,-796,1256,-3047,1473,-2230,-2055,900,-1090,-456,805,3205.272252939281,4618.254756940115,1429.7066132602172,3188.5481436798977,1152.6768994551535,1370.924597260685,1817.6235464192132,3188.5481436798977,446.6989491585282,1,-76,keys
615.1260033521587,2555.91275281454,2713.743171341017,881.832750582558,266,510,-218,852,-2081,1215,40,-2161,1641,190,-240,827,1691.6536695225684,2713.743171341017,615.1260033521587,2098.6171679888585,949.517304945428,-54.438164351961404,-212.2685828784383,-266.7067472303993,-157.83041852647693,3,-65,usb
606.2417009741247,2514.7313971873814,2826.101378224072,941.5062400218068,-298,465,-250,1357,-1901,932,332,-2312,1591,-472,-301,757,1722.1451791018462,2826.101378224072,606.2417009741247,2219.8596772499473,961.970624341653,-11.947279005495602,-323.31726004218626,-335.2645390476821,-311.36998103669066,3,-60,empty
1798.5063247039195,3454.703171040893,3059.6328211077875,1066.4520617449243,615,1580,-600,1167,-2806,1643,-766,-2161,2026,58,-366,1000,2344.8235946493814,3454.703171040893,1066.4520617449243,2388.2511092959685,958.5772321391504,168.49195651294485,563.5623064460501,732.0542629589952,395.07034993310526,2,-47,batteries
5132.417461586693,3928.234336187188,6742.147284063142,3223.7167989759896,1835,1420,4578,1300,-3575,980,-750,-1941,6413,-2365,55,2190,4756.628970203254,6742.147284063142,3223.7167989759896,3518.4304850871526,1334.1249341134203,2361.306805243329,-452.6061426326259,1908.7006626107036,-2813.912947875954,3,-57,screwdriver
617.9101876486582,2513.713985321321,2837.5556382210375,942.9713675398632,-308,470,-257,1367,-1890,937,337,-2328,1587,-465,-291,767,1728.0377946827202,2837.5556382210375,617.9101876486582,2219.6454505723796,961.3830558877564,-0.6097634957445734,-324.4514163954607,-325.06117989120514,-323.84165289971634,3,-60,empty
1367.5119743534242,2788.398285754745,2977.4818219428307,2176.059971600047,-1313,322,206,2010,-1661,988,1663,-2298,905,-2041,-366,660,2327.3630134127616,2977.4818219428307,1367.5119743534242,1609.9698475894063,628.3738169260939,-309.7322305292687,-498.81576671735456,-808.5479972466233,-189.08353618808587,3,-61,Knife
13641.439623441507,1664.424224769635,6782.392277065666,6189.099692200797,2885,-11567,-6631,-190,-952,1352,467,-5216,-4310,4671,-3617,-1845,7069.338954369402,13641.439623441507,1664.424224769635,11977.015398671874,4279.683691376657,6285.153991768371,1167.1859394723406,7452.339931240712,-5117.968052296032,1,-74,magnet
2066.5940578642917,3398.13787242366,3104.3403486087022,1620.6683806380624,691,1747,-861,1096,-2691,1762,-278,-2037,2326,-46,-335,1585,2547.435164883679,3398.13787242366,1620.6683806380624,1777.4694917855977,728.6877456867666,76.06407670563567,369.86160052059313,445.92567722622925,293.7975238149579,2,-45,batteries
536.0988714780138,2568.4923593423437,2720.506938054009,896.5790539601068,137,492,-163,860,-2092,1217,62,-2175,1633,225,-198,845,1680.4193057086184,2720.506938054009,536.0988714780138,2184.4080665759952,973.9521071396504,-104.2328018852138,-256.2473805968791,-360.4801824820929,-152.0145787116653,3,-64,usb
1085.41881317766,2733.4465423710044,3482.000143595632,975.3732618849052,-678,167,831,2020,-1577,951,1425,-3026,968,-813,-260,472,2069.0596902573,3482.000143595632,975.3732618849052,2506.6268817107266,1072.556524455641,429.2995762586911,-319.2540249659364,110.0455512927548,-748.5536012246275,3,-61,Knife
1552.0724854207035,3565.7658363947567,7204.69798117867,817.9712708891432,572,1272,681,1431,-2818,1651,363,-3548,6260,-528,-167,602,3285.1268934708182,7204.69798117867,817.9712708891432,6386.726710289527,2476.4960213565396,2186.516679657737,-1452.415465126176,734.1012145315603,-3638.932144783913,3,-68,keys
609.437445518406,2502.4751747020387,2829.8692549303405,947.1346261223904,-291,467,-262,1342,-1893,937,340,-2312,1596,-472,-306,762,1722.229125318294,2829.8692549303405,609.437445518406,2220.4318094119344,958.4789199066322,-5.151550187841167,-332.545630416143,-337.6971806039843,-327.39408022830185,3,-60,empty
530.4083332678701,2558.5167578110563,2540.623742312112,886.9689960759621,130,497,-132,842,-2090,1212,-211,-1758,1822,215,-208,835,1629.12945736675,2558.5167578110563,530.4083332678701,2028.1084245431864,929.0550097491096,-187.22683915351809,-169.3338236545737,-356.56066280809193,17.89301549894435,2,-63,usb
516.1579215705209,2547.0657627945143,1879.3238145673563,902.3646712942613,135,487,-105,852,-2066,1222,40,-1717,763,181,-126,875,1461.2280425566632,2547.0657627945143,516.1579215705209,2030.9078412239933,799.8958417481757,-526.9743489754492,140.76759925170882,-386.20674972374024,667.7419482271578,2,-65,usb
1700.1294068393736,2777.4106646299174,3503.0880662638215,1264.2143805541843,-1670,272,166,2025,-1643,956,1931,-2632,1271,-577,-347,1070,2311.210629571824,3503.0880662638215,1264.2143805541843,2238.873685709638,881.4101915420607,580.796213959547,-144.88118767435708,435.9150262851893,-725.6774016339041,3,-60,Knife
1808.344546816231,3410.47240129575,2895.0373054591196,1261.8034712267993,658,1605,-511,1108,-2733,1713,-166,-1946,2137,8,-322,1220,2343.914431199475,3410.47240129575,1261.8034712267993,2148.6689300689504,851.3344755234815,15.552989876400716,530.9880857130311,546.5410755894318,515.4350958366304,2,-42,batteries
618.2725936025306,2507.204618693895,2855.925944418027,918.5123842387756,-281,480,-270,1335,-1911,923,322,-2345,1598,-450,-301,742,1724.9788852383072,2855.925944418027,618.2725936025306,2237.653350815496,970.3228047830306,24.240767543943548,-324.4805581801884,-300.23979063624495,-348.72132572413193,3,-63,empty
613.8705075176686,2512.5940778406684,2856.099087916944,914.65840618233,-273,472,-282,1327,-1926,918,310,-2331,1621,-442,-306,740,1724.3055198644026,2856.099087916944,613.8705075176686,2242.2285803992754,973.5180913394222,21.35855570580702,-322.1464543704685,-300.7878986646614,-343.50501007627554,3,-59,empty
1802.671905810927,3459.778894669427,3049.9590161180854,1071.910910477172,651,1585,-560,1170,-2811,1643,-445,-2065,2200,48,-383,1000,2346.080181768903,3459.778894669427,1071.910910477172,2387.867984192255,955.8464995548144,160.47055839120685,570.2904369425482,730.7609953337549,409.8198785513414,2,-45,batteries
546.9899450629783,2547.700139341363,2761.7242802278433,886.5624625484659,165,497,-158,842,-2086,1196,76,-2196,1673,220,-213,832,1685.7442067951629,2761.7242802278433,546.9899450629783,2214.734335164865,979.3050950835228,-62.77418829950375,-276.79832918598413,-339.57251748548754,-214.0241408864804,3,-65,usb
528.3493162671832,2559.826165972994,1696.6935492303846,907.2783475868912,140,497,-112,855,-2071,1238,81,-1588,592,192,-131,877,1423.0368447643632,2559.826165972994,528.3493162671832,2031.476849705811,780.0081015240067,-621.030824031159,242.10179271145057,-378.9290313197081,863.1326167426096,2,-64,usb
994.5617125146132,2803.6094592506997,3071.539841838292,1404.4319136220167,-918,235,302,2025,-1676,975,1588,-2422,1023,-860,-402,1035,2068.5357318064052,3071.539841838292,994.5617125146132,2076.978129323679,886.1157803809494,-70.96990925990553,-338.9002918474978,-409.87020110740355,-267.93038258759225,3,-60,Knife
1333.6465048880082,2271.6819759816735,3230.9040530476914,2160.889631610092,-1007,860,158,987,-901,1837,-1601,-156,-2802,960,962,-1680,2249.2805413818664,3230.9040530476914,1333.6465048880082,1897.2575481596832,672.7341942854536,65.98947517196666,-893.2326018940507,-827.2431267220841,-959.2220770660178,3,-63,scissors
2117.8725174098654,3473.046789203969,3781.4970580446047,1149.129235551859,856,1822,-658,1261,-2782,1653,-576,-2310,2938,-440,-227,1037,2630.3864000525746,3781.4970580446047,1149.129235551859,2632.3678224927457,1059.7081609662432,638.5967753493205,330.146506508685,968.7432818580064,-308.45026884063554,3,-45,batteries
2304.2055029879607,2545.748612883841,3424.790358547513,11608.845679050091,-2203,675,-23,1340,-1830,1156,481,-2118,2648,-8053,-6125,-5692,4970.897538367351,11608.845679050091,2304.2055029879607,9304.640176062132,3855.042044265329,-4212.79921519923,-5091.840960862902,-9304.640176062132,-879.0417456636719,4,-61,scissors
17344.033700382388,1382.1172164472882,10530.730316554498,4513.611968257795,1642,-15590,-7421,-360,-498,1238,937,-7526,-7306,3793,-1788,-1670,8442.623300410492,17344.033700382388,1382.1172164472882,15961.9164839351,6100.884653668339,10989.5174161159,1840.9043160086912,12830.421732124592,-9148.61310010721,1,-75,magnet
510.23425992381186,2548.619626386017,2734.612403979767,886.4017147997854,145,475,-117,850,-2081,1201,40,-2172,1661,222,-218,830,1669.9670012723454,2734.612403979767,510.23425992381186,2224.378144055955,982.910837594871,-95.08733864111171,-281.08011623486186,-376.16745487597353,-185.9927775937499,3,-64,usb
1809.690028706574,3485.1416040097997,3359.62691381052,844.5738570427101,597,1595,-612,1248,-2838,1592,-672,-2153,2490,-26,-330,777,2374.7581008924008,3485.1416040097997,844.5738570427101,2640.5677469670895,1102.68806207645,419.80074073229207,545.3154309315719,965.1161716638638,125.5146901992798,2,-47,batteries
621.5601338567332,2512.8736538075286,2845.9838369182635,933.814221352406,-278,482,-277,1337,-1918,921,322,-2326,1608,-460,-320,747,1728.557961483733,2845.9838369182635,621.5601338567332,2224.4237030615304,964.4756989116948,10.42804780753113,-322.68213530320395,-312.2540874956727,-333.11018311073485,3,-65,empty
540.5349202410516,2563.0173624070517,2372.1089772605305,917.7679445262838,172,505,-87,847,-2068,1255,71,-1992,1286,173,-160,887,1598.3573011087294,2563.0173624070517,540.5349202410516,2022.482442166,881.9652419412109,-284.0707047158767,-93.16231956935552,-377.2330242852322,190.9083851465211,2,-64,usb
1040.308608058205,2798.1132929172113,3833.36666652174,7947.509924498365,-737,372,633,1642,-1885,1257,2790,-1050,2410,-2431,-6897,-3112,3904.82462299888,7947.509924498365,1040.308608058205,6907.20131644016,2538.6350985562403,-2935.9739714178154,-3971.2273450223447,-6907.20131644016,-1035.2533736045289,4,-63,scissors
8130.019003667827,249.8839730755056,5434.514329726255,9115.946577289713,-4615,-5350,-4022,177,132,117,2551,-4603,-1356,3013,-7488,-4237,5732.590970939825,9115.946577289713,249.8839730755056,8866.062604214205,3440.337266882304,2099.351391514432,-3085.2789651363164,-985.9275736218842,-5184.6303566507495,4,-72,magnet
6177.573714655294,207.23175432351096,5533.174495712204,6753.097289392475,-2872,-4192,-3513,116,-167,40,2146,-4952,-1220,2207,-5693,-2885,4667.769313520871,6753.097289392475,207.23175432351096,6545.865535068964,2611.19817052496,2375.2095833257554,-2950.7331580629375,-575.5235747371817,-5325.942741388692,4,-74,magnet
541.1450822099375,2523.4638891809013,2705.983185461432,887.7769990262194,125,507,-142,845,-2058,1191,65,-2162,1626,220,-218,832,1664.5922889696226,2705.983185461432,541.1450822099375,2164.8381032514944,960.1732976410416,-82.05631026787546,-264.57560654840654,-346.6319168162819,-182.51929628053085,3,-63,usb
3911.310394228513,2037.3271705840473,10749.812137893388,1411.8236433776,-78,832,-3821,-438,-1673,1077,-1726,-853,-10576,1386,-255,-85,4527.568336520887,10749.812137893388,1411.8236433776,9337.988494515786,3708.276480810659,5605.985859080126,-3106.4991082292136,2499.4867508509124,-8712.48496730934,3,-59,screwdriver
2927.464602689501,3602.8040468501754,5825.439897552802,1480.9149199059343,2470,490,1493,1286,-3060,1401,-1458,-5545,1031,-1056,-378,967,3459.1558667496033,5825.439897552802,1480.9149199059343,4344.524977646868,1566.5302229870324,1834.5927667430965,-388.04308395952967,1446.5496827835668,-2222.6358507026266,3,-72,keys
623.3650615810931,2509.80656625167,2831.9087202803694,936.3594395316364,-296,482,-262,1350,-1898,935,337,-2317,1593,-465,-288,760,1725.3599469111923,2831.9087202803694,623.3650615810931,2208.5436586992764,958.7389131534236,4.553888039077947,-317.5482659896213,-312.99437795054325,-322.10215402869926,3,-61,empty
2118.4694947060248,3381.2917649915985,3194.43030914747,1642.0188793068123,698,1775,-922,1078,-2655,1795,-426,-2053,2410,-31,-311,1612,2584.0526120379764,3381.2917649915985,1642.0188793068123,1739.2728856847862,726.6956709790635,144.7945797775419,331.6560356216705,476.4506153992125,186.8614558441286,2,-44,batteries
1699.6690854398687,2212.531807680966,973.8639535376592,1585.1656064903757,-1311,915,577,906,-950,1781,71,-601,763,1051,870,-807,1617.8076132872172,2212.531807680966,973.8639535376592,1238.6678541433062,440.4903817223685,-562.0821875969064,676.5856665463996,114.50347894949324,1238.6678541433062,2,-63,scissors
3172.6187921021965,2561.0423659127546,3887.281054927724,6988.844253522896,-1921,1070,2287,1537,-1437,1460,643,-2076,3223,-5462,-590,-4320,4152.446616616393,6988.844253522896,2561.0423659127546,4427.801887610141,1703.5326812688606,-1244.9933862028647,-2571.232075217835,-3816.225461420699,-1326.2386890149696,4,-66,scissors
3500.6118036708954,2929.3721170243975,4410.032312806789,1304.91723875501,-775,847,3307,980,-1786,2105,862,-2146,3755,-460,803,-920,3036.2333680642732,4410.032312806789,1304.91723875501,3105.1150740517796,1130.4695637889065,1838.1773803491385,357.5171845667469,2195.694564915885,-1480.6601957823918,3,-45,keys
1653.7693309527783,5319.983458620901,9920.446864935067,4135.953698967144,1007,190,1298,2068,-4816,912,-2016,-2767,9311,-1067,-218,3990,5257.538338368972,9920.446864935067,1653.7693309527783,8266.677533982289,2999.6549169163486,1059.1395191499005,-3541.3238871642657,-2482.1843680143656,-4600.463406314167,3,-58,screwdriver
564.3164006122806,2544.6785651629953,2271.6157245449767,850.0976414506748,167,520,-142,820,-2083,1210,-175,-2013,1038,171,-145,820,1557.677082942732,2544.6785651629953,564.3164006122806,1980.3621645507144,861.8750520087129,-279.4220407282064,-6.359200110187885,-285.7812408383942,273.0628406180185,2,-65,usb
2973.031617726256,2950.3054079196613,4673.359605251879,1396.15937485661,-423,1612,2462,938,-1793,2147,995,-2076,4067,-906,880,-595,2998.214001438602,4673.359605251879,1396.15937485661,3277.2002303952686,1159.2692964007665,1649.9632201009315,-73.0909772312857,1576.8722428696462,-1723.0541973322174,3,-46,keys
2333.3533808662587,2678.6087806919472,18698.60738129982,668.3255194888192,815,752,-2053,42,-2466,1045,-9437,4743,-15430,615,-203,165,6094.72376558671,18698.60738129982,668.3255194888192,18030.281861811,7316.444301789808,8842.513230992656,-7177.485369615216,1665.0278613774394,-16019.99860060787,3,-62,screwdriver
6713.726982831518,1819.6029786741944,2485.9907481726477,11531.052597226326,-3100,937,-5881,377,-1215,1301,1205,-1898,-1061,10558,291,-4627,5637.593326726172,11531.052597226326,1819.6029786741944,9711.449618552131,3885.890339735868,-2075.468922448177,-2741.8566919466302,-4817.325614394807,-666.3877694984535,4,-61,screwdriver
10782.32544491215,899.6138060301209,7599.948947196948,6229.70392554895,-1827,-9057,-5558,-180,-491,732,2198,-6306,-3628,3531,-4265,-2855,6377.898030922042,10782.32544491215,899.6138060301209,9882.711638882029,3568.1209630785693,5626.478330265014,-1073.8568109018124,4552.621519363201,-6700.335141166827,1,-75,magnet
985.8179345092076,2824.4677374684243,3061.0509633130905,1398.0618727366823,-908,237,302,2033,-1700,977,1588,-2415,1008,-867,-398,1022,2067.3496270068513,3061.0509633130905,985.8179345092076,2075.233028803883,891.3931622548116,-87.83035619140446,-324.4135820360707,-412.24393822747504,-236.58322584466623,3,-58,Knife
6031.462426310886,2253.377243161917,3912.112089396213,778.7952234059991,441,167,-6013,-30,-2005,1028,-1437,-2216,-2886,668,-257,307,3243.936745568754,6031.462426310886,778.7952234059991,5252.667202904887,1954.155096390459,3455.701024569592,1796.9661783352958,5252.667202904887,-1658.7348462342957,1,-61,screwdriver
3382.374018348651,4296.426189288022,7080.991032334387,5687.093194242556,1802,395,2835,1418,-3977,795,-1333,-2683,6416,-2727,-80,4990,5111.721108553404,7080.991032334387,3382.374018348651,3698.6170139857354,1402.1790393418232,239.92283357623,-2544.6420094701343,-2304.719175893905,-2784.5648430463643,3,-62,screwdriver
4477.806829241297,3636.2900049363498,2374.6523956149877,4432.232958678955,4125,277,-1720,1172,-3086,1525,-1147,-1978,641,-2658,-710,3475,3730.245547117898,4477.806829241297,2374.6523956149877,2103.1544336263096,851.1895548038043,-608.0318693795098,653.6057399418523,45.57387056234256,1261.637609321362,1,-73,keys
516.9351990336893,2556.484500246383,2437.904222893098,895.8632708175952,127,482,-137,842,-2068,1245,202,-1987,1398,205,-111,865,1601.7967982476916,2556.484500246383,516.9351990336893,2039.5493012126935,906.334798583528,-248.75417456859532,-130.17389721531026,-378.9280717839059,118.58027735328506,2,-65,usb
604.3326898323472,2499.98999998,2846.0945170531495,934.7245583593062,-288,465,-257,1345,-1893,926,346,-2333,1593,-455,-306,757,1721.285441306201,2846.0945170531495,604.3326898323472,2241.7618272208024,966.6744175508722,7.856324273095197,-338.2481928000543,-330.391868526959,-346.1045170731495,3,-63,empty
1034.0382004548962,2912.644159522409,9878.164050065174,8639.578577685372,-805,387,521,1822,-1816,1366,6731,2020,-6942,-4193,-2138,-7245,5616.106246931962,9878.164050065174,1034.0382004548962,8844.125849610278,3728.624964135141,-320.010243343856,-7285.530133886619,-7605.540377230475,-6965.519890542764,3,-64,scissors
1770.384703955612,3397.1648473396167,3084.368006577685,1067.976123328607,643,1582,-467,1106,-2742,1673,-161,-2051,2298,8,-347,1010,2329.97342030038,3397.1648473396167,1067.976123328607,2329.18872401101,950.4979540713114,194.80586993253655,507.6027106944685,702.408580627005,312.7968407619319,2,-43,batteries
623.450078193916,2503.7431976942044,2855.952555628332,926.0118789734828,-291,472,-285,1325,-1911,928,332,-2345,1596,-467,-303,740,1727.2894276224838,2855.952555628332,623.450078193916,2232.502477434416,966.6007362006262,24.823778577280564,-327.3855793568473,-302.5618007795666,-352.20935793412764,3,-61,empty
939.770716717647,2846.3485380395705,3664.94120007402,1955.268268038941,-688,260,585,2140,-1638,916,1741,-2723,1728,-1568,-221,-1147,2351.582180717545,3664.94120007402,939.770716717647,2725.1704833563736,1014.886938201353,-98.45244464342204,-917.045106677872,-1015.497551321294,-818.5926620344499,3,-61,Knife
2217.6602535104425,3455.180892514891,3756.043396980392,939.9819147196396,967,1912,-572,1251,-2757,1665,-597,-2282,2923,-575,-221,710,2592.2166144313414,3756.043396980392,939.9819147196396,2816.061482260752,1114.604424836953,789.2704216281513,488.4079171626513,1277.6783387908029,-300.8625044655005,3,-46,batteries
6117.40312551004,724.3956101468312,4968.4237943235075,6699.957761060886,-2836,-4835,-2450,525,-432,250,2023,-4485,-691,2271,-5572,-2947,4627.5450727603165,6699.957761060886,724.3956101468312,5975.562150914055,2338.0197496111364,1830.7367743129153,-2413.2914098637607,-582.5546355508459,-4244.028184176676,4,-73,magnet
989.6509485672208,2812.2791468842493,3058.78587024329,1403.4222457977498,-928,225,260,2017,-1700,975,1581,-2407,1031,-867,-391,1032,2066.0345528731277,3058.78587024329,989.6509485672208,2069.134921676069,886.0153646152738,-83.6322869357441,-330.13901029478484,-413.77129723052894,-246.50672335904073,3,-57,empty
7345.581052578482,1542.7750970248385,4481.679484300501,6371.790957022994,-906,-6217,-3806,367,-1171,935,1227,-4261,-651,1882,-5336,-2930,4935.456647731704,7345.581052578482,1542.7750970248385,5802.805955553644,2212.914238817432,1956.347241415575,-982.5571458600872,973.7900955554878,-2938.9043872756624,1,-71,magnet
1644.8811507218386,2151.516906742775,6416.627463083703,825.2405709852128,-23,212,-1631,586,-1755,1098,-2268,-4072,-4410,567,-222,557,2759.5665228833823,6416.627463083703,825.2405709852128,5591.3868920984905,2163.79062198294,2542.375568038777,-1722.7349883021511,819.6405797366258,-4265.110556340928,3,-63,scissors
3549.2175193977614,2912.755568186249,4406.240347507158,1314.356876955418,-780,832,3361,985,-1776,2088,843,-2151,3752,-438,811,-937,3045.642578011647,4406.240347507158,1314.356876955418,3091.8834705517397,1131.3513101608053,1864.1727108816256,370.6879315607175,2234.8606424423433,-1493.4847793209087,3,-45,keys
1962.9745286172208,2509.8480033659407,4453.746400503737,1982.2739467591257,-1076,1102,1217,1748,-947,1532,1448,-1833,3792,-1755,636,-667,2727.210719811506,4453.746400503737,1962.9745286172208,2490.771871886516,1020.6811156013448,962.299489497946,-981.5989076398504,-19.299418141904653,-1943.8983971377968,3,-67,scissors
627.3539670712221,2496.818775962725,2831.1428787682194,944.9809521889846,-298,487,-260,1332,-1898,926,340,-2317,1591,-482,-296,757,1725.074143497788,2831.1428787682194,627.3539670712221,2203.7889116969973,952.9576063159232,8.34855884386593,-325.97554396162855,-317.6269851177625,-334.3241028054945,3,-64,empty
7082.670541540105,1956.034253278812,3362.371038419169,11596.27323755352,-1758,497,-6843,111,-1582,1145,45,-1983,-2715,3773,10182,4070,5999.337267697902,11596.27323755352,1956.034253278812,9640.238984274709,3735.0098190514946,-1553.6329554365293,-2959.9697405768857,-4513.602696013415,-1406.336785140357,4,-63,screwdriver
10877.746181999284,2280.1563542880126,5714.422892996282,2480.3511848123444,4827,-8692,-4413,35,-1592,1632,-1977,-4726,-2532,2161,-1186,-275,5338.169153523981,10877.746181999284,2280.1563542880126,8597.589827711272,3476.6020175402687,5915.830767947605,2481.564229239335,8397.39499718694,-3434.2665387082693,1,-74,magnet
5000.168997143996,3649.4358468124906,4710.811607355998,1053.7903017204137,3028,1605,3641,1335,-2971,1646,-2327,-2511,3236,-707,-121,772,3603.5516882582247,5000.168997143996,1053.7903017204137,3946.378695423583,1555.6311356010135,2503.877227983545,1442.501467440038,3946.378695423583,-1061.375760543507,1,-75,keys
1762.930514796315,2469.5434800788585,4866.314416475779,9653.772785807629,-402,1412,976,1296,-1577,1390,2758,-1166,3836,-4901,-3982,-7302,4688.140299289646,9653.772785807629,1762.930514796315,7890.842271011314,3089.0239614118227,-2747.035667307197,-5143.806603704117,-7890.842271011314,-2396.77093639692,4,-63,scissors
613.4248120185554,2503.4414313101074,2829.259090292015,943.1166417787356,-301,467,-260,1355,-1885,937,343,-2317,1587,-472,-306,757,1722.3104938498532,2829.259090292015,613.4248120185554,2215.83427827346,958.1585530457234,-1.9370853891364277,-327.7547443710441,-329.6918297601803,-325.8176589819077,3,-62,empty
653.2112981264179,2495.0969921027117,2857.133703556766,920.0967340448505,-291,502,-300,1327,-1906,912,320,-2333,1618,-460,-303,737,1731.3846819576866,2857.133703556766,653.2112981264179,2203.9224054303477,958.0205285286328,47.5756377678108,-314.46107368624325,-266.88543591843245,-362.03671145405406,3,-58,empty
1808.2848226980173,3431.560577929523,3078.7427628822775,1065.710561081197,627,1562,-661,1172,-2790,1618,-213,-2258,2082,51,-373,997,2346.074681147754,3431.560577929523,1065.710561081197,2365.850016848326,954.4150514726108,194.8782232847875,547.6960383320329,742.5742616168202,352.8178150472454,2,-44,batteries
2104.7444025344266,3393.0599758919675,3227.178643955119,1628.1090258333438,696,1762,-917,1078,-2676,1786,-312,-2057,2467,-33,-325,1595,2588.273012053714,3393.0599758919675,1628.1090258333438,1764.9509500586237,743.571997236578,155.37702238211705,321.25835431896576,476.6353767010828,165.8813319368487,2,-45,batteries
612.8898759157308,2498.3100287994685,2826.414336221779,950.8170170963496,-303,465,-260,1342,-1885,942,325,-2312,1593,-470,-308,767,1722.107814508332,2826.414336221779,612.8898759157308,2213.524460306048,954.8869960415926,-4.911416879153876,-333.0157243014646,-337.92714118061883,-328.10430742231074,3,-61,empty
4487.858843591229,3624.394156269431,2194.293052443087,2836.6695260463457,4008,1402,-1453,1170,-3098,1473,-1207,-1352,-1237,-1891,-1227,1722,3285.8038945875232,4487.858843591229,2194.293052443087,2293.5657911481417,859.170685203741,110.54410685926996,1540.6452106856136,1651.1893175448831,1430.1011038263437,1,-74,keys
975.5142233714485,2813.996979387149,3048.369072143332,1389.8481931491656,-898,210,318,2031,-1693,963,1588,-2401,1003,-850,-393,1027,2056.9321170127737,3048.369072143332,975.5142233714485,2072.854848771884,890.3033280861914,-89.98093851076715,-324.35303126695044,-414.3339697777173,-234.37209275618304,3,-59,Knife
15301.350103830708,2116.727190735736,8530.123211302402,3463.640570267071,8197,-9375,-8891,-251,-1317,1638,-1772,-6637,-5057,2505,-2166,-1015,7352.960269033979,15301.350103830708,2116.727190735736,13184.622913094972,5174.639072631806,9125.552777065152,2712.1567564984853,11837.709533563637,-6413.396020566666,1,-74,magnet
1709.490274906529,2393.2091425531535,4487.496406683798,8316.314748733359,-673,1222,988,1291,-1360,1487,3540,-1390,2382,-1291,551,-8197,4226.62764321921,8316.314748733359,1709.490274906529,6606.8244738268295,2573.470276800419,-2256.2686048480928,-4350.555868978738,-6606.8244738268295,-2094.287264130645,4,-63,scissors
18647.871969744967,1979.0616463364652,14550.162954413949,3075.276410341028,5956,-13872,-10947,-916,-715,1602,-5457,-7253,-11372,2936,-765,-502,9563.093245209102,18647.871969744967,1979.0616463364652,16668.810323408503,7193.979624202174,14071.84843374071,1500.7471256632289,15572.59555940394,-12571.10130807748,1,-73,magnet
1438.6389401097135,5648.0810900694405,3043.562714977301,1744.883377191725,-433,572,-1247,5080,2286,932,968,-2275,1775,-857,155,-1512,2968.791530587045,5648.0810900694405,1438.6389401097135,4209.4421499597265,1660.0829340471607,-1455.381406087076,1149.1369690050642,-306.2444370820115,2604.5183750921396,2,-60,screwdriver
1176.853856687397,2649.1509960740254,3666.4568727860415,572.1424647760381,948,440,-541,350,-2426,1005,-2336,-2531,1257,423,-257,287,2016.1510475808757,3666.4568727860415,572.1424647760381,3094.3144080100033,1215.9131150450423,811.0086343116873,-206.2972424003283,604.7113919113589,-1017.305876712016,3,-61,screwdriver
1418.630677801661,1778.6503310094429,2957.5308958656715,2516.32489953106,-780,812,863,1022,-552,1347,2182,-1876,683,465,-371,-2445,2167.784201051959,2957.5308958656715,1418.630677801661,1538.9002180640105,603.7045284487444,40.59317156341467,-1138.2873932928142,-1097.694221729399,-1178.8805648562288,3,-63,scissors
622.2780728902474,2506.9888312475587,2829.9181966975652,935.200513259055,-291,482,-265,1327,-1908,940,337,-2318,1588,-480,-306,742,1723.5964035236066,2829.9181966975652,622.2780728902474,2207.6401238073177,958.1390492827692,5.003462540599685,-317.92590290940734,-312.92244036880766,-322.92936545000657,3,-61,empty
2777.4589105871573,4419.45019204878,7787.014190304266,4332.548210926221,1533,390,2283,1548,-4050,856,-1131,-2670,7227,-2370,-293,3615,4829.117875966605,7787.014190304266,2777.4589105871573,5009.5552797171085,1828.4463459505107,906.2373489582114,-2461.326649297275,-1555.0893003390638,-3367.563998255486,3,-61,screwdriver
629.0294110770974,2504.6247223885657,2833.333725490169,942.5651171139318,-303,485,-262,1350,-1898,921,348,-2326,1580,-482,-301,752,1727.388244017441,2833.333725490169,629.0294110770974,2204.3043144130716,955.1899572495212,7.586648532384515,-321.1223545692187,-313.5357060368344,-328.70900310160323,3,-61,empty
11266.305073092952,2568.476007285254,6095.037489630396,1351.4292434308206,10381,750,-4313,-448,-1982,1571,-5557,-1017,-2288,1266,471,42,5320.311953359855,11266.305073092952,1351.4292434308206,9914.87582966213,3849.664429393325,6720.718656003637,3194.1571736584942,9914.87582966213,-3526.5614823451415,1,-60,magnet
521.4249706333596,2549.0360923298044,2373.567357375813,891.9147941367494,122,490,-130,840,-2068,1231,166,-1965,1321,202,-108,862,1583.9858036189316,2549.0360923298044,521.4249706333596,2027.6111216964448,889.2073571072652,-272.97927922869076,-97.510544274699,-370.48982350338974,175.46873495399132,2,-65,usb
1427.1611681936977,4885.541628110439,2967.120658146547,3646.532325374342,-433,580,-1230,4452,1447,1398,800,-2277,1726,-3018,-1307,-1575,3231.588944956256,4885.541628110439,1427.1611681936977,3458.3804599167415,1248.3629844065829,-2068.8960635722674,-150.47509360837603,-2219.3711571806434,1918.420969963892,2,-59,screwdriver
1253.0263365149194,2771.108803349302,4167.923703716276,1331.380111012629,-1245,105,-95,2022,-1612,996,2850,-2352,1928,-788,-402,995,2380.8597386482816,4167.923703716276,1253.0263365149194,2914.897367201356,1195.7536974158334,659.230562934632,-737.5843374323415,-78.35377449770954,-1396.8149003669737,3,-61,Knife
626.8476688957214,2503.7228281101725,2842.6825359156796,943.843737066682,-293,492,-255,1352,-1890,932,342,-2326,1598,-475,-296,760,1729.2741924970635,2842.6825359156796,626.8476688957214,2215.8348670199584,958.0832516872568,10.981819817273164,-327.97788798823376,-316.9960681709606,-338.95970780550715,3,-62,empty
1799.195653618583,3455.3351501699512,2250.1591054856544,1082.3876385103445,592,1625,-496,1131,-2802,1676,-380,-1596,1540,23,-347,1025,2146.769386946133,3455.3351501699512,1082.3876385103445,2372.947511659607,862.6629986680333,-244.18401478802912,960.9920298962676,716.8080151082386,1205.1760446842968,2,-46,batteries
5261.027751304872,1844.0620922300857,4790.341219579248,4255.276606755429,-1278,880,-5027,-96,-1418,1175,-52,-1432,-4571,3495,-45,2427,4037.6769174674087,5261.027751304872,1844.0620922300857,3416.965659074787,1315.52142139567,1976.015135949302,-970.26399139986,1005.7511445494428,-2946.2791273491625,1,-59,screwdriver
4006.115949395374,4154.309328877665,6206.507633121867,4741.7306966971455,2470,1612,2711,1157,-3881,926,-1198,-2533,5538,-3587,196,3095,4777.165902023013,6206.507633121867,4006.115949395374,2200.391683726493,869.8766835297123,658.2917784712154,-1393.9065257729862,-735.6147473017713,-2052.1983042442016,3,-57,screwdriver
1873.1078452667907,2177.022507922231,3217.947948615701,4622.089029865176,-1255,1102,848,1123,-1273,1363,2431,-1812,1078,997,-383,-4497,2972.5418329174745,4622.089029865176,1873.1078452667907,2748.981184598385,1075.039093035979,-854.0278719524576,-1894.953312645928,-2748.981184598385,-1040.92544069347,4,-63,scissors
1092.9711798579135,2742.0654623841497,5286.386100163324,1304.91723875501,-1020,95,381,2073,-1465,1037,-4570,-2557,723,-852,-381,912,2606.5849952900994,5286.386100163324,1092.9711798579135,4193.41492030541,1672.2032359520513,1166.187289441039,-1378.1333483381352,-211.94605889709624,-2544.3206377791744,3,-62,Knife
24673.61562479241,3224.7697592231293,26807.603548247276,6068.613515458041,-1022,-8082,-23290,-2960,608,1126,2462,-15180,-21958,5085,-186,-3307,15193.650611930214,26807.603548247276,3224.7697592231293,23582.833789024146,10621.60593237165,21093.91794917926,-2488.915839844891,18605.002109334368,-23582.833789024146,3,-73,magnet
27480.6828335833,3003.1212096750273,26401.71731156896,6067.1714991419185,1923,-11732,-24776,-2602,333,1462,870,-13636,-22591,5153,131,-3200,15738.173213492302,27480.6828335833,3003.1212096750273,24477.561623908274,11261.744187829583,22406.05371816766,-992.5423837262732,21413.511334441384,-23398.59610189393,1,-73,magnet
6251.661539143014,1865.060320740324,4028.418672382502,4748.6016889185385,-1768,942,-5922,25,-1440,1185,187,-1782,-3608,3308,1127,3215,4223.435555296094,6251.661539143014,1865.060320740324,4386.60121840269,1580.3057806199306,1833.209100933327,-330.149250708851,1503.0598502244757,-2163.3583516421777,1,-62,screwdriver
1843.5688216066144,2656.8458743404744,8273.357601361131,608.1068984972954,975,560,-1461,177,-2451,1010,-7361,-805,-3690,533,-221,192,3345.469798951379,8273.357601361131,608.1068984972954,7665.250702863836,2937.1390543016896,3425.986825064987,-2190.5249019556686,1235.4619231093188,-5616.5117270206565,3,-61,screwdriver
986.2073818421762,2782.6789250648376,2999.7563234369554,1359.1192000703986,-916,365,-18,2007,-1658,983,1868,-2283,545,-820,-361,1022,2031.940457603592,2999.7563234369554,986.2073818421762,2013.548941594779,872.7144302426226,-77.91720992805199,-294.99460830017006,-372.9118182282224,-217.07739837211784,3,-60,Knife
3312.227800136941,2967.3264060429888,3502.98986581463,1092.5790589243416,-1978,1735,2012,963,-2051,1916,1067,-1705,2868,480,473,-860,2718.7807827297256,3502.98986581463,1092.5790589243416,2410.4108068902883,958.3149562954457,1377.6561004921202,841.9926407204794,2219.6487412125994,-535.6634597716411,3,-45,keys
608.0106906954844,2508.940413800216,2836.055359121186,945.4237145322726,-288,467,-262,1347,-1898,937,340,-2323,1591,-475,-301,760,1724.6075445372896,2836.055359121186,608.0106906954844,2228.0446684257017,962.3422298356544,-5.14903925790918,-332.2639845788792,-337.41302383678817,-327.11494532097004,3,-62,empty
962.3434937692466,2807.5432320803184,3041.4466952422495,1399.8846381041546,-891,232,280,2017,-1691,977,1555,-2422,983,-852,-398,1037,2052.8045147989924,3041.4466952422495,962.3434937692466,2079.103201473002,889.1644246262185,-101.81884058648848,-335.72230374841956,-437.541144334908,-233.90346316193109,3,-58,Knife
607.4059597995397,2510.777767943631,2834.417400454633,940.8820329881956,-298,457,-267,1337,-1906,940,340,-2321,1591,-477,-291,757,1723.3707902964998,2834.417400454633,607.4059597995397,2227.0114406550933,963.3406039157792,-4.9182203388268135,-328.55785284982903,-333.47607318865596,-323.6396325110022,3,-65,empty
528.7995839635278,2552.389076923814,2337.3925643759544,905.5263662643954,101,502,-132,855,-2063,1236,146,-1962,1262,187,-103,880,1581.026897881923,2552.389076923814,528.7995839635278,2023.5894929602864,877.3706162015364,-295.8616474243638,-80.86513487650382,-376.7267823008676,214.99651254785977,2,-64,usb
646.0874553804616,2563.5479320660265,2731.133281258899,868.4958261269884,200,535,-302,852,-2095,1207,35,-2170,1658,227,-216,810,1702.3161237080938,2731.133281258899,646.0874553804616,2085.0458258784374,950.1394976336104,-27.4115107768273,-194.9968599696997,-222.40837074652677,-167.5853491928724,3,-64,usb
1783.2747965470717,3448.9495502254017,3045.2535198239243,1067.1401032666704,612,1575,-570,1175,-2802,1632,-475,-2062,2190,58,-368,1000,2336.154492465767,3448.9495502254017,1067.1401032666704,2381.8094469587313,956.1913706638512,156.2193314394617,559.9153618409391,716.1346932804013,403.6960304014774,2,-45,batteries
16490.417156639793,2170.6968927051976,21036.339320328527,4014.031514574842,4908,-7887,-13625,-1591,-662,1320,-3412,-15282,-14048,3403,-666,-2022,10927.871221062089,21036.339320328527,2170.6968927051976,18865.64242762333,8025.153056227836,15671.014034844142,-3194.62839277919,12476.38564206495,-18865.64242762333,3,-75,magnet
5328.768900975158,3546.7032579566057,3702.5749148396712,2289.9700871408777,5328,25,-87,1152,-3020,1460,-527,-2896,-2246,-1683,-857,1295,3717.0042902280784,5328.768900975158,2289.9700871408777,3038.7988138342807,1079.7479365231773,1597.335235358673,1441.4635784756074,3038.7988138342807,-155.8716568830655,1,-74,keys
539.475671369896,2560.8689931349477,2684.620084853721,881.6138610525585,147,505,-120,825,-2095,1220,40,-2132,1631,197,-203,835,1666.6446526027808,2684.620084853721,539.475671369896,2145.144413483825,964.7142592242308,-109.19354898194456,-232.94464070071808,-342.1381896826625,-123.7510917187733,3,-63,usb
2141.1697737451836,3463.562039288455,3895.433865437841,906.3145149450052,908,1840,-612,1266,-2775,1641,-551,-2398,3020,-370,-191,805,2601.620048354121,3895.433865437841,906.3145149450052,2989.119350492836,1172.92087286479,833.3635424747822,401.4917163253963,1234.8552588001785,-431.8718261493864,3,-43,batteries
627.4201144368899,2511.397419764542,2825.7043369751195,940.3983198623868,-316,470,-270,1362,-1893,932,346,-2317,1580,-470,-293,760,1726.2300477597346,2825.7043369751195,627.4201144368899,2198.2842225382296,955.2808865519212,0.6643558925402431,-313.6425613180372,-312.978205425497,-314.30691721057747,3,-59,empty
622.0715392943163,2501.3502353728877,2861.215475982192,909.2975310645026,-283,472,-290,1310,-1923,918,312,-2337,1621,-438,-303,737,1723.4836954284744,2861.215475982192,622.0715392943163,2239.143936687876,971.53458589605,36.31962441955898,-323.54561618974526,-287.2259917701863,-359.86524060930424,3,-60,empty
14660.156684019445,1476.0237125466515,7493.182501447566,3961.552725889181,3795,-11587,-8140,-131,-1026,1053,202,-6506,-3712,2470,-2846,-1222,6897.728905975711,14660.156684019445,1476.0237125466515,13184.132971472793,4965.527861130891,8357.881373515589,2340.722584614675,10698.603958130265,-6017.158788900915,1,-73,magnet
3779.72379943297,2891.271173722728,4354.518687524489,1446.9433299200075,-706,800,3626,1012,-1763,2056,778,-2143,3710,-771,770,-952,3118.1142476500486,4354.518687524489,1446.9433299200075,2907.5753576044813,1096.6646199279762,1898.0139916573617,434.7664778556,2332.7804695129616,-1463.2475138017612,3,-46,keys
5614.539518072697,2131.941837855808,4610.151190579329,1216.3568555321256,298,135,-5605,-106,-1882,996,-631,-2498,-3823,1110,-232,440,3393.2473505099897,5614.539518072697,1216.3568555321256,4398.182662540572,1784.9886325287716,3438.196007632046,959.9866549085256,4398.182662540572,-2478.2093527235206,1,-62,screwdriver
9194.950842717975,1974.9349356371213,5784.870180047258,3542.683163930977,3565,-7770,-3386,72,-1460,1328,-537,-5377,-2065,2230,-2598,-910,5124.359780583333,9194.950842717975,1974.9349356371213,7220.015907080854,2712.31282103299,4731.101461598568,921.16621718843,5652.267678786999,-3809.935244410137,1,-75,magnet
543.9200308868942,2538.7055756822215,2775.299983785537,870.8358054191388,180,485,-168,855,-2076,1185,40,-2191,1703,205,-221,817,1682.1903489434478,2775.299983785537,543.9200308868942,2231.379952898643,985.1982693455776,-45.160683214464825,-281.7550913177797,-326.91577453224454,-236.59440810331537,3,-65,usb
631.9762653771105,2501.443383328913,2847.58107874034,926.492309736028,-288,485,-285,1337,-1903,921,335,-2333,1598,-462,-312,740,1726.873259295598,2847.58107874034,631.9762653771105,2215.60481336323,961.165176402994,25.810825526254803,-320.3268698851723,-294.5160443589175,-346.1376954114271,3,-62,empty
10561.399765182645,3541.7437795526653,3734.767730395024,1011.3772787639635,1516,2030,10253,1302,-2861,1632,-1111,-2315,2712,-842,-96,552,4712.322138473574,10561.399765182645,1011.3772787639635,9550.02248641868,3543.8174421451,4871.523218630519,4678.49926778816,9550.02248641868,-193.02395084235877,1,-71,keys
624.0881348014877,2510.5523296677165,2834.4151072134796,945.9482015417124,-306,475,-265,1350,-1898,937,337,-2318,1596,-455,-303,772,1728.750943306099,2834.4151072134796,624.0881348014877,2210.326972411992,957.4401683751694,1.0013554027691498,-322.8614221429939,-321.8600667402246,-323.86277754576304,3,-65,empty
2544.324271786126,4616.659398309561,7176.814683409347,5875.04119134496,1685,680,1781,1398,-4288,986,-1726,-2587,6468,-2715,28,5210,5053.2098862124985,7176.814683409347,2544.324271786126,4632.490411623221,1708.0827983105123,-385.2808172295235,-2945.43610232931,-3330.716919558834,-2560.155285099786,3,-61,screwdriver
14556.600495994937,2259.5426528392863,7149.513689755408,2547.5191854037134,3423,-11675,-7992,-232,-1350,1797,-3576,-3327,-5221,2546,-67,-57,6628.294005998336,14556.600495994937,2259.5426528392863,12297.05784315565,4971.630147149577,8449.526173753671,3559.555136837549,12009.081310591222,-4889.971036916122,1,-73,magnet
1332.1219914106966,2757.7581474813924,4243.279392168279,1013.7618063430876,-1250,240,393,2027,-1610,951,906,-3290,2522,-857,-208,500,2336.730334350864,4243.279392168279,1013.7618063430876,3229.517585825191,1281.764153237443,901.9407148772476,-583.5805298096384,318.360185067609,-1485.5212446868863,3,-59,Knife
2641.184961338376,3586.8923875689384,5627.833419709577,1722.0270032725969,2408,625,887,1233,-3078,1368,-997,-5528,346,-1273,-488,1052,3394.484442972372,5627.833419709577,1722.0270032725969,3905.8064164369807,1448.226714440299,1480.0494951032092,-560.8915370374298,919.1579580657792,-2040.941032140639,3,-72,keys
509.9205820517544,2532.5767510581,2713.6272772803563,884.401492536054,137,475,-125,860,-2056,1203,67,-2170,1628,190,-221,835,1660.1315257315662,2713.6272772803563,509.9205820517544,2203.706695228602,974.1350354402528,-96.71519213102148,-277.76571835327786,-374.4809104842995,-181.0505262222564,3,-64,usb
520.4200226739936,2562.838660548104,2742.668226381018,873.1609244578001,167,472,-142,842,-2083,1233,26,-2177,1668,227,-216,815,1674.771958515229,2742.668226381018,520.4200226739936,2222.2482037070245,987.9490811631256,-86.4556679754462,-266.2852338083603,-352.7409017838065,-179.8295658329139,3,-64,usb
1328.0975114802377,2809.643037825268,3308.80915134131,1803.0263447881175,-1177,-17,-615,2041,-1653,998,1993,-2363,1180,-962,-466,1452,2312.394011358733,3308.80915134131,1328.0975114802377,1980.7116398610724,785.5562909379993,12.11864010408135,-487.0474734119611,-474.9288333078798,-499.16611351604206,3,-61,Knife
636.5767824858208,2497.8664896266973,2847.830928970328,902.9651156052486,-286,485,-297,1315,-1916,916,312,-2331,1606,-436,-311,727,1721.3098291720237,2847.830928970328,636.5767824858208,2211.254146484507,964.1607604522072,41.78805311210135,-308.17638623152925,-266.3883331194278,-349.9644393436306,3,-59,empty
1146.8657288453603,9359.08852399634,3493.2526390171097,224.21864329265753,-76,455,-1050,4095,-7523,-3772,431,-2613,2278,8,-221,-37,3555.856383787867,9359.08852399634,224.21864329265753,9134.869880703684,3556.1379511873656,-2471.594399713264,3394.2414852659667,922.647085552703,5865.835884979231,2,-57,screwdriver
540.1509048404899,2568.332922344765,2119.13048206098,900.267737953549,117,507,-145,845,-2095,1222,153,-1828,1061,187,-123,872,1531.970511799946,2568.332922344765,540.1509048404899,2028.1820175042749,836.8928252622387,-404.659636698422,44.54280358536312,-360.1168331130591,449.2024402837851,2,-65,usb
4961.816098970215,3670.577747439768,2270.68491869744,1884.9732093586904,4395,1715,-1537,1246,-3116,1487,-1625,-1556,307,-1320,-682,1160,3197.012993616528,4961.816098970215,1884.9732093586904,3076.8428896115247,1216.380458017591,838.4750304345985,2238.3678591769262,3076.8428896115247,1399.8928287423278,1,-69,keys
8129.438664508147,1011.7969163819388,4085.0367195412086,17245.400372273183,-5968,-4485,-3218,710,588,417,2828,-2910,-471,2955,-15460,-7047,7617.918168176119,17245.400372273183,1011.7969163819388,16233.603455891243,6104.755444157629,-3021.3609523028836,-6094.600755462153,-9115.961707765036,-3073.2398031592697,4,-68,magnet
3255.197382648247,2964.705213001792,3664.093202963046,1245.8992736172536,-1875,1677,2066,982,-2023,1932,1025,-1705,3077,370,546,-1057,2782.473768057585,3664.093202963046,1245.8992736172536,2418.193929345793,921.2749210042706,1354.343049496124,654.9550595348692,2009.2981090309936,-699.3879899612548,3,-46,keys
2862.5558509835228,12998.76378737609,5303.233919034687,1038.5889466001456,-501,1000,-2635,-3176,-1622,-12500,1113,-4800,1961,-163,-993,-257,5550.785625998611,12998.76378737609,1038.5889466001456,11960.174840775944,4558.512880776713,-2935.7814819790137,4759.748386362391,1823.9669043833771,7695.529868341404,2,-67,magnet
3792.086101343165,2778.0030597535347,1808.2792925872927,4422.563170832046,972,1157,-3478,246,-2551,1072,-343,-1591,-788,4350,-711,362,3200.2329061290093,4422.563170832046,1808.2792925872927,2614.2838782447534,995.0118574816458,-800.1004183275618,169.62334883868016,-630.4770694888816,969.723767166242,4,-61,scissors
616.9481339626533,2512.041002850073,2821.961906192215,925.9616622733364,-296,472,-265,1350,-1893,951,325,-2310,1588,-452,-301,750,1719.2281763195697,2821.961906192215,616.9481339626533,2205.0137722295617,960.3211586489634,0.4536875157293707,-309.4672158264127,-309.013528310683,-309.9209033421421,3,-58,empty
623.8605613436387,2497.761597911218,2838.2314916158616,918.9744283711054,-293,467,-292,1325,-1908,918,325,-2323,1598,-467,-301,732,1719.707019810456,2838.2314916158616,623.8605613436387,2214.3709302722227,961.5765783413405,22.6780133385887,-317.79188036605547,-295.11386702746677,-340.4698937046437,3,-65,empty
1926.1162997077824,3598.057809429971,5783.2237549657375,882.1502139658529,868,1170,1260,1408,-2890,1616,-1202,-3052,4763,-592,-186,627,3047.3870195173363,5783.2237549657375,882.1502139658529,4901.073540999884,1852.9395168966655,1614.566015638848,-570.5999298969186,1043.9660857419294,-2185.1659455357667,3,-70,keys
1131.5339146486065,1942.1300162450505,3332.6510468394376,1890.86593919294,-790,810,13,963,-476,1618,1347,-2923,-865,381,193,-1842,2074.2952292315085,3332.6510468394376,1131.5339146486065,2201.1171321908314,794.2562886042531,315.5945030250266,-1074.9265275693604,-759.3320245443338,-1390.5210305943872,3,-63,scissors
3707.67056249608,3702.1838149935234,1789.418900090194,1832.0100982254437,3335,1490,-636,1263,-3170,1436,-1646,-652,260,-1256,-721,1122,2757.8208439513105,3707.67056249608,1789.418900090194,1918.251662405886,947.228030976534,-18.55222531634672,1894.2126895869828,1875.6604642706363,1912.764914903329,1,-75,keys
1181.8096293396834,2786.8788994141814,3156.9754512824456,1368.8747203451453,-1121,272,-257,2015,-1663,970,1770,-2515,713,-820,-383,1027,2123.634675095364,3156.9754512824456,1181.8096293396834,1975.1658219427625,860.8691925795741,91.5157304314007,-278.5808214368633,-187.0650910054619,-370.0965518682642,3,-60,Knife
606.1699431677556,2515.7497888303596,2818.281391202802,939.8989307367044,-293,467,-252,1335,-1906,956,335,-2302,1591,-472,-301,755,1720.0250134844057,2818.281391202802,606.1699431677556,2212.111448035046,960.2883436697392,-15.598692598253136,-318.13029497069533,-333.7289875689487,-302.5316023724422,3,-64,empty
5067.302734196961,1982.3246454604755,5211.613281892662,2973.617493895272,-1017,1592,-4702,-243,-1411,1371,-312,-385,-5188,2536,-1271,892,3808.7145388613426,5211.613281892662,1982.3246454604755,3229.288636432186,1377.067195697519,2661.4869383669375,-567.8016980652483,2093.6852403016887,-3229.288636432186,3,-63,screwdriver
2170.0610590488,3452.33732419067,3897.9980759359023,1076.6234253442565,931,1850,-648,1248,-2765,1648,-513,-2428,3006,-447,-250,947,2649.2549711299075,3897.9980759359023,1076.6234253442565,2821.374650591646,1107.5984597061668,769.5491927248877,323.88844097965557,1093.4376337045435,-445.6607517452321,3,-45,batteries
3617.8970410999814,2920.4208600816423,4392.1977414501725,1342.0294333583,-815,825,3427,995,-1783,2088,851,-2140,3740,-457,813,-965,3068.136268997524,4392.1977414501725,1342.0294333583,3050.1683080918724,1124.3487380977272,1873.8222445551055,402.0453631865753,2275.8676077416812,-1471.7768813685302,3,-45,keys
4009.208151243834,2886.397235309097,4580.707805568916,1677.6611696048758,-325,750,3925,1050,-1625,2142,472,-2200,3990,-1281,831,-695,3288.493590431681,4580.707805568916,1677.6611696048758,2903.0466359640404,1111.9475732649232,2012.928775949389,318.61820568956955,2331.546981638958,-1694.310570259819,3,-44,keys
1256.5317345773644,2397.187518739408,3508.7154344574597,5962.374778559295,-1022,182,708,1362,-1558,1210,618,-2126,2722,-3158,-2390,-4457,3281.2023665833817,5962.374778559295,1256.5317345773644,4705.84304398193,1740.777205597435,-1797.15756413194,-2908.6854798499908,-4705.84304398193,-1111.5279157180516,4,-64,scissors
1629.1743307577617,3413.8741921752185,3159.5393651606873,557.112196958566,666,1467,-242,1238,-2703,1678,-407,-2132,2296,-315,-93,450,2189.925021263058,3413.8741921752185,557.112196958566,2856.7619952166524,1163.907492563732,408.86365339233225,663.1984804068632,1072.0621337991956,254.33482701453113,2,-63,keys
3316.6677554437074,2602.4865033271544,4335.39790561374,5170.933087944573,-1372,1350,2701,1650,-1440,1406,631,-1925,3833,-4926,497,-1492,3856.3713130822935,5170.933087944573,2602.4865033271544,2568.446584617419,977.374823512426,-60.6769651071404,-1793.5883673937255,-1854.265332500866,-1732.9114022865851,4,-66,scissors
4594.693460939478,3574.1021250098606,1766.7297473014935,3830.533252694721,3678,1760,-2118,1081,-3086,1443,617,-846,-1423,-2200,-2051,2372,3441.5146464863883,4594.693460939478,1766.7297473014935,2827.9637136379847,1037.2609064356325,-521.6060847318045,1285.7662929765625,764.1602082447575,1807.372377708367,1,-75,keys
970.6317530351045,2787.7880120267396,2918.787590764357,1387.1802334231843,-901,215,290,2007,-1673,972,1482,-2471,466,-830,-400,1037,2016.0968973123463,2918.787590764357,970.6317530351045,1948.1558377292529,851.3065256695326,-142.77445082523104,-273.77402956284845,-416.54848038807984,-130.9995787376174,3,-61,Knife
1218.410029505667,2213.7264962049853,8997.958935225255,3962.3722692346814,-1195,217,97,1236,-1317,1280,-3692,-4280,7001,1921,-1083,-3292,4098.116932542647,8997.958935225255,1218.410029505667,7779.548905719588,2994.600032927143,2020.1350996456276,-4764.097339374643,-2743.9622397290145,-6784.23243902027,3,-62,scissors
974.0641662642148,2808.2412645639974,3061.664579930336,1404.0277775029951,-901,230,290,2033,-1681,963,1586,-2415,1013,-862,-391,1037,2061.999447065386,3061.664579930336,974.0641662642148,2087.6004136661213,890.6089379194682,-88.27014793622084,-341.6934633025596,-429.96361123878035,-253.42331536633856,3,-58,Knife
1419.854570017648,1933.0437139392373,4885.570795720803,1872.7223499493991,-377,1127,777,1335,-908,1063,3837,-757,2928,-442,-675,-1690,2527.797857406772,4885.570795720803,1419.854570017648,3465.716225703155,1375.6351231666536,1249.8296509249076,-1702.697430856659,-452.8677799317511,-2952.5270817815663,3,-66,scissors
640.5848889881809,2501.066572484627,2845.7733571034782,943.205703969182,-320,482,-275,1347,-1893,926,343,-2331,1596,-482,-303,752,1732.657630636367,2845.7733571034782,640.5848889881809,2205.1884681152974,954.6381696735004,21.042984818925103,-323.663799799926,-302.620814981001,-344.7067846188511,3,-60,empty
2046.4867456204056,3472.196135013113,3843.381453876261,1288.6655888941864,742,1762,-730,1236,-2785,1665,-491,-2382,2976,-281,-227,1237,2662.6824808509914,3843.381453876261,1288.6655888941864,2554.7158649820744,1038.86741510609,564.5032377946836,193.3179189315356,757.8211567262194,-371.185318863148,3,-45,batteries
624.1962832314848,2507.116471167624,2831.01624862875,929.2766003725694,-311,480,-250,1340,-1903,932,340,-2323,1582,-457,-291,755,1722.901400850107,2831.01624862875,624.1962832314848,2206.819965397265,959.1539307893904,9.409730160020445,-314.49004730110505,-305.0803171410846,-323.8997774611257,3,-62,empty
1213.891675562527,2810.1241965436334,3314.2839347285862,1903.8248343794655,-1093,10,-528,2041,-1661,986,1957,-2398,1185,-970,-743,1460,2310.5311603035534,3314.2839347285862,1213.891675562527,2100.392259166059,810.1143482659201,-92.8867103159928,-597.0464485009456,-689.9331588169384,-504.15973818495286,3,-61,Knife
2690.483227972254,3783.6158631658154,4103.744265911315,1774.6151695508522,2490,1002,-186,1350,-3180,1543,-3236,-2490,-411,-1003,-235,1445,3088.114631650059,4103.744265911315,1774.6151695508522,2329.1290963604624,921.7669292119448,617.9982305834505,297.8698278379511,915.868058421402,-320.12840274549944,3,-70,keys
1000.648789536069,2822.5075730633566,3077.6463409560233,1392.1684524510674,-928,217,305,2031,-1702,972,1583,-2433,1023,-852,-402,1025,2073.2427890016293,3077.6463409560233,1000.648789536069,2076.997551419954,892.2645839955467,-68.19044751116553,-323.3292154038327,-391.5196629149984,-255.1387678926667,3,-58,Knife
1345.4865291038775,2148.0002327746615,4286.200765246537,7375.348805310838,-1215,395,422,1241,-1332,1140,172,-2323,3598,695,-4461,-5832,3788.7590831089783,7375.348805310838,1345.4865291038775,6029.86227620696,2333.0636746902587,-1945.8308718675423,-4084.031404339418,-6029.86227620696,-2138.2005324718757,4,-62,scissors
1045.218637415158,2863.85509409956,5801.656573772701,5592.578117469617,-716,395,651,1695,-1921,1280,5405,-237,2095,-2913,-3681,-3040,3825.827105689259,5801.656573772701,1045.218637415158,4756.437936357544,1980.0558596598603,-804.7790001906583,-3742.5804798638,-4547.359480054459,-2937.8014796731413,3,-63,scissors
15958.637347843956,1282.4987329428438,8022.740304908292,4791.75573250557,3700,-14875,-4441,27,-743,1045,1543,-6888,-3813,3365,-2773,-1987,7513.908029550166,15958.637347843956,1282.4987329428438,14676.138614901112,5427.083436198631,8953.561593651917,2213.320021686469,11166.881615338383,-6740.241571965448,1,-74,magnet
605.2718397546676,2572.426480970836,2732.1019380689295,873.807186969757,177,495,-300,847,-2105,1212,40,-2165,1666,227,-211,817,1695.9018614410477,2732.1019380689295,605.2718397546676,2126.8300983142617,962.720040489856,-54.42994505849788,-214.10540215659148,-268.5353472150895,-159.67545709809335,3,-65,usb
6368.405922992032,3655.317906831087,2101.530156814315,3011.009465279045,4755,1712,-3875,1207,-3140,1430,-725,-1948,310,-1857,-1248,2015,3784.06586297912,6368.405922992032,2101.530156814315,4266.875766177717,1590.9063594806855,901.804353848107,2455.5921038648794,3357.3964577129873,1553.787750016772,1,-71,keys
512.6919152863637,2551.018228080701,2394.8922731513417,901.335120806906,140,487,-78,847,-2061,1242,40,-2025,1278,186,-172,865,1589.984384331328,2551.018228080701,512.6919152863637,2038.3263127943376,895.3015735396244,-272.3845802249509,-116.2586252955914,-388.6432055205423,156.12595492935952,2,-64,usb
951.9059827524984,2803.677228212977,2967.220922007662,1381.0524971919062,-893,240,226,2015,-1691,970,1492,-2380,956,-845,-391,1020,2025.9641575412609,2967.220922007662,951.9059827524984,2015.3149392551636,874.6876484540805,-132.8014103223611,-296.3451041170463,-429.1465144394077,-163.54369379468517,3,-60,Knife
1828.9270078382024,3478.317409323077,3346.789805171517,910.9033977321636,582,1607,-651,1236,-2836,1590,-651,-2151,2480,136,-345,832,2391.2344050162396,3478.317409323077,910.9033977321636,2567.414011590913,1072.6608365492932,393.2480029772396,524.775607128799,918.0236101060387,131.5276041515599,2,-44,batteries
11749.046514504911,1706.2927650318395,4978.068802256554,4240.074173879509,-955,-10362,-5455,-75,-1013,1371,-206,-4398,-2323,3148,-2810,-415,5668.3705639182035,11749.046514504911,1706.2927650318395,10042.753749473071,3714.4726274540817,5390.374188925058,2118.598151700344,7508.972340625403,-3271.776037224714,1,-76,magnet
6097.61338557964,3686.987116874698,5506.9778463327775,2421.2445147072613,1936,752,5733,1251,-3363,848,-255,-2622,4836,-2070,-50,1255,4428.205715873594,6097.61338557964,2421.2445147072613,3676.3688708723785,1460.134373235706,2748.1798001652296,928.1890707071492,3676.3688708723785,-1819.9907294580792,1,-58,screwdriver
524.4940419108686,2554.444949494899,2226.4464961009057,906.754101176278,145,487,-130,862,-2056,1247,166,-1898,1152,187,-147,875,1553.0348971707378,2554.444949494899,524.4940419108686,2029.9509075840308,856.1367345055784,-355.1292563297018,-27.13080293570783,-382.2600592654095,327.9984533939937,2,-64,usb
975.6479897995998,2813.3974123824028,3041.3370415000045,1400.3010390626723,-906,227,282,2031,-1688,970,1545,-2425,991,-855,-393,1037,2057.67087068617,3041.3370415000045,975.6479897995998,2065.689051700405,886.2322426596876,-98.3567100727355,-326.2963391903372,-424.6530492630725,-227.93962911760173,3,-58,Knife
603.6712681584241,2848.9840294392666,2706.6989119589934,4664.553354824018,221,557,73,377,-2615,1066,-23,-2137,1661,3727,-373,2780,2705.9768910951757,4664.553354824018,603.6712681584241,4060.882086665594,1438.415991588973,-2101.583602072934,-1959.2984845926603,-4060.882086665594,142.28511748027313,4,-64,scissors
2694.113026582218,4489.722151759505,7470.039223457933,4656.4502574386,1652,490,2071,1495,-4126,948,-1306,-2223,7011,-2523,430,3890,4827.581164809564,7470.039223457933,2694.113026582218,4775.926196875715,1708.6328883572194,508.98992042102327,-2471.3271512774045,-1962.3372308563817,-2980.317071698428,3,-62,screwdriver
8919.804762437348,507.57561013114093,4383.098447445596,9591.686243825952,-4953,-6022,-4332,370,-203,282,1920,-3916,-436,2117,-8816,-3130,5850.54126596001,9591.686243825952,507.57561013114093,9084.11063369481,3678.220173575673,1601.8206779629254,-2273.702159351529,-671.8814813886038,-3875.522837314455,4,-70,magnet
1472.1701667945863,2265.5076693756746,3867.263761369271,4709.5236489479485,-1298,465,516,1370,-1365,1180,-71,-2188,3188,-1125,-2158,-4032,3078.61631162187,4709.5236489479485,1472.1701667945863,3237.353482153362,1277.0707129269515,-817.7986950798831,-2419.5547870734795,-3237.353482153362,-1601.7560919935963,4,-61,scissors
1328.280467371255,2669.764970929089,2476.0840050369857,15479.959366871735,-1170,250,577,1462,-1776,1355,1996,-1300,676,-5127,-8977,-11522,5488.522202552266,15479.959366871735,1328.280467371255,14151.67889950048,5791.29959785287,-7172.679932696292,-6978.998966804187,-14151.67889950048,193.68096589210336,4,-62,scissors
1852.1352542403592,3409.8659797710525,3087.791119878415,1554.1418854145847,681,1610,-612,1137,-2696,1751,-411,-2038,2283,-46,-296,1525,2475.983559826103,3409.8659797710525,1554.1418854145847,1855.7240943564675,788.261321815842,-12.040745533431163,310.0341143592059,297.9933688257745,322.07485989263705,2,-44,batteries
618.7325755122321,2492.5627374250785,2844.77819873536,941.2767924473652,-281,485,-262,1345,-1890,912,335,-2333,1593,-467,-308,757,1724.337576030009,2844.77819873536,618.7325755122321,2226.045623223128,959.3101291506064,14.835622187574243,-337.3798391227074,-322.544216935133,-352.2154613102816,3,-61,empty
1832.25380337987,3388.699012895657,3095.677793311184,1314.1232818879666,681,1612,-543,1113,-2676,1756,-382,-2041,2296,-6,-330,1272,2407.6884728686696,3388.699012895657,1314.1232818879666,2074.57573100769,860.6278043471142,112.55465095371528,405.57587053818816,518.1305214919034,293.0212195844729,2,-44,batteries
1813.735372098146,3402.1581385937957,3097.450241731092,1304.6110531495583,676,1602,-516,1126,-2698,1740,-405,-2037,2298,0,-311,1267,2404.488701393148,3402.1581385937957,1304.6110531495583,2097.5470854442374,870.9564196173611,102.20821104294193,406.9161079056458,509.1243189485874,304.7078968627038,2,-44,batteries
5390.752266613631,3620.7133275088217,3240.430372651139,2454.321291110844,4456,1575,2593,1256,-2998,1595,-1793,-2328,1366,-1820,123,1642,3676.5543144711087,5390.752266613631,2454.321291110844,2936.430975502787,1075.3662737615846,1278.0740103225526,1658.3569651802345,2936.430975502787,380.2829548576824,1,-73,keys
980.6298996053506,3221.175717032525,7859.480771654066,2475.9147804397467,-71,437,875,2482,-695,1932,3043,-2550,6783,-2100,875,-977,3634.300292182922,7859.480771654066,980.6298996053506,6878.850872048715,2569.3698422452003,1571.5100868935729,-3066.7949677279685,-1495.284880834396,-4638.305054621542,3,-66,scissors
1804.6814123273948,3447.1225681718947,3120.023717858568,1064.5910012770162,625,1585,-595,1167,-2806,1627,-862,-2352,1860,51,-383,992,2359.1046749087186,3447.1225681718947,1064.5910012770162,2382.531566894879,967.720456962562,206.49578036852608,533.5946306818528,740.0904110503786,327.0988503133267,2,-45,batteries
1569.3979737466211,3265.9165635392465,4333.6591928761545,2886.392038514519,372,795,1301,1421,-2617,1341,-2748,-2993,1507,-1497,-855,2315,3013.8414421691355,4333.6591928761545,1569.3979737466211,2764.2612191295334,988.4484111292142,-124.62571771549484,-1192.368347052403,-1316.9940647678975,-1067.742629336908,3,-63,scissors
617.8001294917314,2503.6379530595073,2827.5003094606373,937.3478543209026,-293,482,-252,1347,-1887,945,342,-2315,1587,-460,-286,765,1721.5715615831946,2827.5003094606373,617.8001294917314,2209.700179968906,957.6043589854844,2.1573157859793355,-321.70504061515066,-319.5477248291712,-323.86235640113,3,-62,empty
1827.3571079567344,3369.1311936462193,3039.7935785181203,996.0993926310769,632,1627,-541,1142,-2665,1716,-488,-1955,2276,26,-337,937,2308.0953181880377,3369.1311936462193,996.0993926310769,2373.0318010151427,950.4764606019766,250.960050098779,580.2976652268783,831.2577153256576,329.33761512809906,2,-43,batteries
623.7996473227602,2493.3170676831296,2829.2304607436986,941.429763710496,-301,475,-270,1355,-1877,926,348,-2321,1580,-467,-301,760,1721.944234865021,2829.2304607436986,623.7996473227602,2205.430813420938,953.4441787619858,9.141638336416465,-326.7717547241523,-317.6301163877357,-335.913393060569,3,-61,empty
1627.5678173274378,3416.88878952769,3155.752525151489,556.2526404431713,666,1470,-211,1246,-2713,1662,-405,-2130,2293,-296,-101,460,2189.1154431124473,3416.88878952769,556.2526404431713,2860.6361490845184,1164.4087884959451,405.0894562540325,666.2257206302336,1071.3151768842663,261.13626437620087,2,-63,keys
3786.591871327038,2871.6150508032933,4323.673669462116,1428.469460646604,-782,775,3623,987,-1752,2050,805,-2148,3665,-700,746,-997,3102.587513059763,4323.673669462116,1428.469460646604,2895.2042088155117,1097.1477675343626,1905.0905146696289,453.0318960108061,2358.122410680434,-1452.0586186588223,3,-46,keys
1830.2264887166289,3407.287777690637,3056.2048360671115,1314.5470702869486,656,1617,-552,1103,-2701,1760,-376,-2016,2266,3,-320,1275,2402.0665431903312,3407.287777690637,1314.5470702869486,2092.740707403688,858.4966931128223,82.298238403077,433.38118002660303,515.6794184296803,351.0829416235256,2,-44,batteries
623.5591391359765,2502.5998481579113,2855.098422121381,920.34178433884,-276,475,-295,1342,-1901,921,327,-2333,1613,-457,-296,742,1725.3997984385271,2855.098422121381,623.5591391359765,2231.5392829854045,967.2680784292892,27.8579643803032,-324.6406095831669,-296.7826452028636,-352.4985739634699,3,-65,empty
526.4617744907981,2521.741461768038,2499.066425687801,895.6087315340333,112,507,-87,842,-2046,1210,-26,-2076,1391,171,-157,865,1610.7195983701677,2521.741461768038,526.4617744907981,1995.2796872772396,909.1368848673156,-195.91099656173608,-173.23596048149898,-369.14695704323515,22.67503608023708,2,-64,usb
2134.3481440477326,1688.4232289328409,2742.5282131639046,783.3836863249069,-1503,1487,292,562,-1023,1220,1591,-1766,1368,753,216,5,1837.1708181173465,2742.5282131639046,783.3836863249069,1959.1445268389975,714.2442754814635,1202.5347209769443,148.4297367458812,1350.9644577228255,-1054.1049842310638,3,-66,scissors
631.468922434034,2502.2673718050196,2825.4297018329794,948.0970414467076,-320,492,-233,1357,-1882,937,348,-2315,1582,-470,-312,762,1726.8157593796852,2825.4297018329794,631.468922434034,2193.9607793989453,950.5873621913776,3.2671055076430093,-319.8952245203168,-316.62811901267366,-323.1623300279598,3,-58,empty
8056.193021520773,828.297651813646,6225.8738342500965,10278.487486006878,-4835,-4315,-4786,-86,741,-360,3376,-4920,-1777,3663,-8106,-5150,6347.212998397848,10278.487486006878,828.297651813646,9450.189834193232,3494.591593157832,1587.6408589751736,-3809.935323461278,-2222.2944644861045,-5397.576182436451,4,-72,magnet
4159.318453785428,1661.2847438052274,5757.02501297328,9397.03431940099,-2932,-795,-2841,603,787,-1333,3537,-4482,-738,2227,-7350,-5415,5243.665632491231,9397.03431940099,1661.2847438052274,7735.749575595762,2807.279418695321,-570.987798223754,-4666.728067391807,-5237.715865615562,-4095.7402691680527,4,-72,magnet
624.5102080831025,2500.748687893288,2850.7100869783303,925.7661691809654,-283,480,-282,1332,-1908,916,312,-2340,1598,-447,-315,747,1725.4337880339217,2850.7100869783303,624.5102080831025,2226.199878895228,964.2174252267548,24.35271899358986,-325.6086800914527,-301.25596109786295,-349.96139908504256,3,-60,empty
980.6553930917833,2794.8778148606066,3045.148600643325,1396.6259341713514,-906,232,295,2017,-1678,963,1545,-2431,988,-842,-400,1040,2054.3269356917667,3045.148600643325,980.6553930917833,2064.4932075515417,882.5367365108812,-82.84987764842481,-333.1206634311434,-415.9705410795682,-250.27078578271855,3,-61,Knife
620.9798708492893,2506.774421442823,2835.1433826175353,932.7829329484968,-296,480,-260,1350,-1893,937,346,-2321,1591,-472,-286,752,1723.920151964536,2835.1433826175353,620.9798708492893,2214.163511768246,960.4755643172662,8.282949537752529,-320.0860116369597,-311.8030620992075,-328.36896117471224,3,-61,empty
36491.56716283914,6232.5331928518435,418.3144750065434,7376.487578787075,-1045,16025,-32768,-3107,1230,5261,3,-417,33,5840,3712,-2555,12629.72560237115,36491.56716283914,418.3144750065434,36073.2526878326,14026.997405318454,11650.430433103382,17464.649150948684,29115.079584052062,5814.2187178453005,1,-60,magnet
10668.63988519624,2309.4109638606983,2051.3415122792208,1267.173232040513,-1271,3010,-10156,601,-1757,1373,633,-1633,1068,1048,132,700,4074.141398344168,10668.63988519624,1267.173232040513,9401.466653155723,3826.6327712883863,4571.698600787124,4829.768052368601,9401.466653155723,258.06945158147755,1,-65,scissors
498.0652567686287,2557.101679636537,2699.0891056058153,880.0874956502904,170,460,-87,857,-2068,1236,67,-2148,1633,200,-225,827,1658.585884415318,2699.0891056058153,498.0652567686287,2201.0238488371865,980.1588463194412,-120.01740645619157,-262.0048324254699,-382.02223888166174,-141.98742596927832,3,-63,usb
1797.0281021731407,3385.024667561523,3074.077585227803,1279.4948221856937,666,1585,-523,1108,-2698,1718,-342,-2030,2283,3,-327,1237,2383.9062942870405,3385.024667561523,1279.4948221856937,2105.5298453758296,872.170442091815,103.29309882686356,414.2401811605837,517.533279987447,310.9470823337201,2,-44,batteries
2016.8336569980183,3510.9380512905664,3479.998994252728,937.2454321040996,772,1765,-597,1281,-2826,1643,-730,-2118,2663,-322,-221,852,2486.254033661353,3510.9380512905664,937.2454321040996,2573.692619186467,1079.0377102319692,524.3245839280403,555.2636409658785,1079.5882248939188,30.93905703783821,2,-45,batteries
1083.0189287357816,2745.9978150027723,4232.594121812296,1260.0793625799924,-1007,335,216,2010,-1580,1002,1822,-1860,3337,-806,-358,900,2330.4225570327108,4232.594121812296,1083.0189287357816,3149.5751930765146,1274.0300057977925,654.7679364826565,-831.8283703268673,-177.06043384421082,-1486.596306809524,3,-60,Knife
1802.608665240462,3470.716784757869,1723.3632814934872,1062.4678818674945,610,1607,-543,1147,-2821,1665,-740,-1110,1091,43,-342,1005,2014.789153339828,3470.716784757869,1062.4678818674945,2408.2489028903747,888.3398378909833,-503.606359945707,1243.7471433186745,740.1407833729677,1747.3535032643815,2,-47,batteries
966.4967666785028,2810.743851723241,3047.030849860237,1386.972602469133,-896,230,280,2020,-1691,980,1547,-2428,998,-842,-400,1027,2052.8110176827786,3047.030849860237,966.4967666785028,2080.5340831817343,892.518165462303,-92.094418826817,-328.38141696381354,-420.4758357906304,-236.28699813699632,3,-58,Knife
11558.520450299857,1006.7397876313422,11784.815102495244,4357.961679501094,-2571,-8345,-7573,-817,-300,506,1251,-9835,-6371,3301,-1973,-2050,7177.009254981885,11784.815102495244,1006.7397876313422,10778.0753148639,4648.891524213527,8989.317042831331,-1788.758272032569,7200.558770798762,-10778.0753148639,3,-76,magnet
508.69342437267653,2541.340000865685,1608.4731890833618,900.4099066536307,78,467,-186,842,-2066,1217,81,-1500,575,220,-167,857,1389.7291302438384,2541.340000865685,508.69342437267653,2032.6465764930083,772.9349549293938,-662.2916470316386,270.5751647506843,-391.7164822809542,932.8668117823232,2,-65,usb
7947.282869006237,2570.7349143775987,2755.723679906968,758.3178753003255,7266,-95,-3218,365,-2298,1093,-1733,-2130,-232,641,-286,287,3508.014834647782,7947.282869006237,758.3178753003255,7188.964993705911,2679.1962264625363,3686.97687961764,3501.988114088271,7188.964993705911,-184.9887655293692,1,-64,screwdriver
2065.687778924976,3448.92128063254,3872.171096426396,1111.8803892505705,795,1775,-696,1243,-2760,1653,-517,-2398,2996,-418,-227,1005,2624.6651363086207,3872.171096426396,1111.8803892505705,2760.2907071758254,1099.6184212016683,688.5286027341308,265.2787869402746,953.8073896744056,-423.2498157938562,3,-45,batteries
3685.9057231567926,2891.93257182805,4369.6821394696435,1349.2938894103092,-830,800,3501,961,-1768,2077,828,-2143,3717,-467,811,-972,3074.2035809661993,4369.6821394696435,1349.2938894103092,3020.3882500593345,1124.8311396714616,1907.1807006940385,429.43113305244515,2336.611833746483,-1477.749567641593,3,-45,keys
3518.341654814097,2914.3361165109286,4448.946841669385,1317.7533911927528,-762,850,3328,987,-1781,2085,870,-2158,3792,-497,811,-912,3049.8445010467913,4448.946841669385,1317.7533911927528,3131.1934504766323,1139.67967843366,1867.5994943899009,332.9887692314437,2200.5882636213446,-1534.6107251584567,3,-45,keys
529.8990469891411,2564.919102038113,2408.649829261198,899.8149809822017,125,492,-152,845,-2076,1247,168,-1987,1351,207,-123,867,1600.8207398176637,2564.919102038113,529.8990469891411,2035.020055048972,897.2674957723747,-263.0926033849878,-106.82333060807288,-369.91593399306066,156.26927277691493,2,-65,usb
673.0029717616409,2567.2580703933913,2721.406621583772,849.6569896140442,207,550,-328,842,-2107,1201,6,-2177,1633,222,-213,792,1702.8311633382125,2721.406621583772,673.0029717616409,2048.4036498221312,945.1431262852368,-11.252733331011314,-165.40128452139197,-176.65401785240329,-154.14855119038066,3,-64,usb
10086.7808541675,1495.9080854116671,7117.973517792828,9327.853129203952,-5870,-5322,-6242,-436,1266,-667,3993,-5453,-2233,3526,-6878,-5222,7007.128896643986,10086.7808541675,1495.9080854116671,8590.872768755831,3363.6237342807567,3190.4965786723533,-2431.568853708808,758.9277249635452,-5622.0654323811605,1,-72,magnet
627.637634308205,2504.3516126933932,2835.0285712846,948.9394079708144,-316,472,-267,1342,-1893,942,351,-2331,1575,-470,-281,775,1728.9893065642532,2835.0285712846,627.637634308205,2207.390936976395,954.7202353498446,4.687592464298405,-325.98936612690795,-321.30177366260955,-330.6769585912066,3,-61,empty
1802.5462546076317,3443.5908583918617,3030.566613687942,1034.9057928140126,612,1585,-602,1185,-2797,1622,-438,-2041,2197,26,-373,965,2327.902379875362,3443.5908583918617,1034.9057928140126,2408.685065577849,959.9918019288632,177.30810854484935,590.3323532487693,767.6404617936189,413.0242447039195,2,-45,batteries
2006.8535073592193,2523.23938618594,3495.302848109159,11229.474876413413,-1865,650,356,1398,-1763,1142,571,-2126,2715,-7475,-5891,-5960,4813.717654516932,11229.474876413413,2006.8535073592193,9222.621369054192,3742.4903263190945,-4125.2789535654865,-5097.342415488705,-9222.621369054192,-972.0634619232192,4,-62,scissors
4164.31374898674,3575.794736838232,5979.371538882661,1348.4765478123825,3980,22,1225,1258,-3012,1460,-2650,-5360,28,-975,-358,860,3766.989143130004,5979.371538882661,1348.4765478123825,4630.8949910702795,1653.652108377297,2609.707001609393,206.13019956496464,2815.837201174358,-2403.5768020444293,3,-73,keys
8358.723885857218,1446.7981891058614,9848.160945069896,2446.7065618909023,827,-6680,-4956,-187,-1180,816,-1921,-8623,-4352,2033,-1222,-600,5525.09739548097,9848.160945069896,1446.7981891058614,8401.362755964035,3634.120666743112,7156.690039965175,-1244.6727159988595,5912.017323966316,-8401.362755964035,3,-74,magnet
621.3517522305702,2503.4242548956818,2834.4151072134796,957.9566796050852,-303,475,-262,1350,-1893,928,337,-2318,1596,-490,-291,770,1729.2869484862042,2834.4151072134796,621.3517522305702,2213.0633549829095,954.341081477305,-2.8070375283587055,-333.7978898461565,-336.604927374515,-330.9908523177978,3,-63,empty
632.4033522997803,2508.331118492931,2825.592504236943,935.8472097516774,-303,485,-270,1355,-1890,940,332,-2310,1593,-475,-291,752,1725.543546195333,2825.592504236943,632.4033522997803,2193.189151937163,954.1278584045402,6.908764146057365,-310.35262159795457,-303.4438574518971,-317.26138574401193,3,-62,empty
3559.4928009479104,2897.074041166363,4508.038708795655,1457.314310641325,-736,847,3378,977,-1722,2115,732,-2170,3883,-806,852,-865,3105.479965387813,4508.038708795655,1457.314310641325,3050.72439815433,1110.538353491182,1856.5715789679389,245.60691133864657,2102.1784903065854,-1610.9646676292923,3,-45,keys
577.3924142210391,3126.2926926313216,2749.424121520723,4742.705662383024,162,537,137,448,-2941,961,-33,-2170,1688,2502,-833,3942,2798.953722689027,4742.705662383024,577.3924142210391,4165.313248161985,1485.186034894362,-2271.090909636292,-1894.2223385256932,-4165.313248161985,376.8685711105986,4,-65,scissors
2221.9482442217236,3472.602050336318,3789.6127770525577,961.52951072757,955,1890,-673,1266,-2772,1665,-600,-2307,2946,-433,-191,837,2611.4231455845425,3789.6127770525577,961.52951072757,2828.0832663249876,1118.436365961575,788.7147301051968,471.7040033889566,1260.4187334941537,-317.0107267162398,3,-46,batteries
6059.864272407427,1961.1519573964688,4031.636392335003,1347.4628009707726,-683,55,-6021,-128,-1678,1007,-138,-2398,-3238,1186,-216,602,3350.028855777418,6059.864272407427,1347.4628009707726,4712.401471436655,1853.8504970624365,3391.442953187595,1320.95851824906,4712.401471436655,-2070.484434938535,1,-62,screwdriver
19199.874921467588,1923.545944343415,6303.065761992334,5183.251682100726,3676,-15110,-11261,-400,-998,1595,-657,-4533,-4330,4203,-2892,-915,8152.434577476016,19199.874921467588,1923.545944343415,17276.328977124173,6578.016491312063,9198.071528507891,4818.551710858972,14016.623239366862,-4379.519817648919,1,-73,magnet
5106.988251406106,2005.110221409287,5388.937743192067,3067.195787686205,-1073,1740,-4680,-357,-1373,1417,-581,433,-5340,1648,-1431,2155,3892.058000923416,5388.937743192067,2005.110221409287,3383.8275217827795,1410.4674818825215,2711.80999275134,-672.0175290314396,2039.7924637199012,-3383.8275217827795,3,-60,screwdriver
608.5679912713123,2530.914854356029,2831.7245628768346,943.0615038267651,-281,485,-237,1357,-1916,945,346,-2312,1598,-457,-296,770,1728.5672280827353,2831.7245628768346,608.5679912713123,2223.1565716055225,965.9367670807284,-16.84190201732372,-317.65161053812926,-334.493512555453,-300.80970852080554,3,-62,empty
632.2285978979439,2505.2492889930136,2851.014205506525,916.2532401034116,-283,490,-282,1337,-1908,921,327,-2328,1613,-452,-296,740,1726.1863331252234,2851.014205506525,632.2285978979439,2218.785607608581,965.0015509478186,30.870137154021904,-314.8947793594896,-284.02464220546767,-345.76491651351125,3,-54,empty
1815.9741187583045,3422.905637028284,3112.1084492671525,1305.7067051983763,648,1617,-513,1093,-2747,1725,-335,-2055,2313,-1,-335,1262,2414.1737275630294,3422.905637028284,1305.7067051983763,2117.1989318299075,879.0897071086824,99.73511289939825,410.5323006605295,510.2674135599277,310.7971877611312,2,-44,batteries
614.183197425654,2517.3267567004486,2840.9896163133017,945.181464058622,-286,480,-255,1350,-1903,945,327,-2337,1582,-492,-298,750,1729.4202586245065,2840.9896163133017,614.183197425654,2226.806418887648,963.7384598837722,-3.667703510057436,-327.33056312291046,-330.9982666329679,-323.662859612853,3,-61,empty
4083.969759927221,2083.9764873913523,2164.3211406812993,1008.9663027078752,-1753,1262,-3466,347,-1518,1385,1511,-1502,381,1002,28,115,2335.308422676937,4083.969759927221,1008.9663027078752,3075.003457219346,1107.8587775407825,1577.6740552546462,1497.3294019646992,3075.003457219346,-80.34465328994702,1,-64,scissors
622.5825246503471,2503.762169216557,2837.2269912715833,938.7827224656406,-311,482,-242,1350,-1890,935,340,-2321,1596,-457,-308,760,1725.588601901032,2837.2269912715833,622.5825246503471,2214.6444666212365,958.7726409265348,8.632312119866128,-324.83250993516003,-316.20019781529356,-333.46482205502616,3,-63,empty
530.0915015353481,2560.248034859123,2747.452820341052,877.8092047819958,142,492,-137,855,-2081,1222,28,-2183,1668,225,-218,820,1678.9003903793796,2747.452820341052,530.0915015353481,2217.361318805704,984.8968114396384,-80.25645888235954,-267.4612443642884,-347.7177032466477,-187.20478548192887,3,-66,usb
552.7648686376514,2562.8839224592284,2726.5734906655275,874.7896890110217,170,507,-140,850,-2095,1207,45,-2183,1633,242,-198,817,1679.252992693357,2726.5734906655275,552.7648686376514,2173.808622027876,973.8866137956736,-79.16762608353542,-242.85719428983475,-322.0248203733703,-163.6895682062991,3,-65,usb
12927.99493347673,4412.804777009742,22952.995490785077,5808.485086492002,8980,8842,-2883,-2635,450,3511,2712,22743,-1497,4941,2377,-1917,11525.570071940889,22952.995490785077,4412.804777009742,18540.190713775337,7345.565636272032,12829.850280380031,-5710.340433395304,7119.509846984728,-18540.190713775337,3,-60,magnet
620.7358536446884,2515.848962080196,2834.168131921605,928.4686316726052,-283,482,-270,1342,-1916,926,317,-2326,1588,-462,-301,747,1724.8053948297738,2834.168131921605,620.7358536446884,2213.432278276917,963.0105658642112,5.29319590674595,-313.0259739346627,-307.7327780279169,-318.3191698414089,3,-57,empty
612.7421970127405,2505.2093724876568,2838.863328869497,933.9860812667392,-308,467,-250,1345,-1893,940,340,-2323,1596,-465,-301,752,1722.7002449091583,2838.863328869497,612.7421970127405,2226.1211318567566,963.3557838046784,6.205036063920488,-327.4489203179194,-321.2438842539988,-333.6539563818401,3,-59,empty
643.5510857733052,2568.5898855208475,2653.016961875668,916.954742612742,185,582,-203,857,-2081,1238,47,-2121,1593,166,-255,865,1695.5281689456408,2653.016961875668,643.5510857733052,2009.465876102363,920.8493244346998,-94.48829024230804,-178.9153665971287,-273.40365683943685,-84.42707635482066,3,-63,usb
10912.300124171805,1830.7487539255624,4024.8316734989057,5884.4246107839635,-145,-10695,-2162,327,-1126,1406,646,-3825,-1073,2480,-5198,-1207,5663.07629059506,10912.300124171805,1830.7487539255624,9081.55137024624,3353.130093942092,3610.979216480592,1416.89629690725,5027.875513387841,-2194.0829195733427,1,-74,magnet
509.1542006111704,2553.6855718745014,2411.1974203702193,925.7521266516216,115,482,-117,855,-2061,1242,135,-2008,1328,136,-36,915,1599.947329876878,2553.6855718745014,509.1542006111704,2044.531371263331,896.1183189846348,-279.5430387723666,-137.05488726808449,-416.5979260404511,142.4881515042821,2,-64,usb
15079.994263924638,2234.16114011501,17993.949427515905,3170.9200557566883,7107,-8287,-10403,-1056,-1116,1622,-5718,-12336,-11786,2827,-391,-1382,9619.75622182806,17993.949427515905,2234.16114011501,15759.788287400896,7001.353689294686,13834.431247784423,-1925.3570396164723,11909.07420816795,-15759.788287400896,3,-76,magnet
1015.9591527221947,2936.0522815508584,10081.470825231803,7820.9013547033055,-772,390,533,1827,-1855,1357,8946,983,-4543,-4392,-2665,-5897,5463.595903552041,10081.470825231803,1015.9591527221947,9065.511672509609,3641.8267123367314,170.23817084991697,-6975.180372831028,-6804.942201981111,-7145.418543680945,3,-63,scissors
612.7723884118801,2510.146808455633,2860.254009699139,914.4621369963876,-276,467,-285,1327,-1918,928,322,-2340,1613,-440,-296,745,1724.40883589076,2860.254009699139,612.7723884118801,2247.481621287259,974.5867928008644,24.20872632949909,-325.89847491400656,-301.68974858450747,-350.10720124350564,3,-60,empty
37783.28503452287,6564.484214315699,1263.7123881643322,7342.719455351675,-2452,18650,-32768,-3287,1340,5522,-1248,-192,51,5648,3980,-2485,13238.550273088646,37783.28503452287,1263.7123881643322,36519.57264635854,14362.666236354047,12569.896876509916,17870.66870266128,30440.5655791712,5300.771826151367,1,-61,magnet
1806.9391245971735,3452.7050264973404,3479.1166982439668,998.631563691034,577,1600,-610,1228,-2792,1618,-496,-2251,2606,115,-366,922,2434.348103257379,3479.1166982439668,998.631563691034,2480.485134552933,1070.4574079183174,417.3596163263828,390.9479445797565,808.3075609061394,-26.411671746626325,3,-44,batteries
1821.251767329273,3479.440328558603,3360.872654534831,835.7098778882538,597,1610,-607,1246,-2833,1590,-682,-2146,2495,-31,-335,765,2374.31865707774,3479.440328558603,835.7098778882538,2643.7304506703495,1103.152602613327,433.4871077086236,552.0547817323959,985.5418894410192,118.56767402377228,2,-46,batteries
1207.652681858489,2207.4446765434463,3726.212822692767,4591.4739463488195,-1190,185,90,1258,-1362,1198,-483,-2317,2878,-53,-3118,-3370,2933.1960318608803,4591.4739463488195,1207.652681858489,3383.8212644903306,1311.7713362761,-932.5265591705052,-2451.2947053198254,-3383.8212644903306,-1518.7681461493207,4,-62,scissors
577.5915511847451,2578.220122487605,2735.477654816431,844.2470017714011,226,490,-206,857,-2097,1231,57,-2175,1658,210,-222,787,1683.8840825650457,2735.477654816431,577.5915511847451,2157.8861036316857,979.1015761830208,-54.698959128914794,-211.9564914577411,-266.655450586656,-157.25753232882607,3,-64,usb
3561.5140039033963,2719.370515395061,1932.160707601725,1485.239711292423,-157,882,-3447,116,-2468,1136,467,-1666,-860,1428,-352,207,2424.5712345481516,3561.5140039033963,1485.239711292423,2076.274292610973,791.2580670057356,644.532242408819,1431.7420502021546,2076.274292610973,787.2098077933356,1,-63,scissors
2117.78445551005,3458.0945620384646,3880.338516160671,934.4035530754364,881,1825,-615,1263,-2760,1657,-535,-2401,3001,-401,-178,825,2597.655271696156,3880.338516160671,934.4035530754364,2945.934963085235,1159.990771268967,802.8124282784102,380.5684741562036,1183.3809024346135,-422.24395412220656,3,-44,batteries
3509.43770424836,2401.7703886924746,1347.6921013347226,19258.22019294618,132,1677,-3080,143,-2036,1266,423,-1271,-148,-17770,1161,7332,6629.280096805434,19258.22019294618,1347.6921013347226,17910.528091611457,7331.278104675837,-8401.430388027788,-7347.352100670035,-15748.78248869782,1054.078287357752,4,-62,scissors
2094.276247298814,3468.8449086115106,3800.6774396152064,961.5997088185916,868,1805,-612,1263,-2780,1646,-597,-2336,2938,-345,-257,860,2581.3495760860305,3800.6774396152064,961.5997088185916,2839.077730796615,1133.0532273642184,732.2545347419587,400.4220037382629,1132.676538480222,-331.83253100369575,3,-45,batteries
2079.652134372477,4380.224880071798,11403.875393917631,2922.723045380797,602,185,1982,1901,-3845,888,-682,-2795,11035,-1051,-478,2685,5196.618863435676,11403.875393917631,2079.652134372477,9324.223259545151,3677.0442121607007,3090.289801418757,-3933.3607124270766,-843.0709110083199,-7023.650513845833,3,-57,screwdriver
9858.32267680461,2339.711520679419,2479.9324587576975,2443.7663554439896,-7801,-2045,-5670,865,-1700,1355,1108,-1815,1276,2337,-355,620,4280.433252921429,9858.32267680461,2339.711520679419,7518.611156125191,3220.807339361433,3777.3886297194495,3637.16769164117,7414.55632136062,-140.22093807827832,1,-64,scissors
2446.8142553124053,3772.9715079761736,4890.398450024292,1436.3613751420637,2060,1122,696,1428,-3121,1567,-4148,-2477,758,-865,-222,1125,3136.6363971137334,4890.398450024292,1436.3613751420637,3454.037074882229,1308.3762311741132,1063.9399111092305,-53.48703093888844,1010.4528801703416,-1117.4269420481187,3,-72,keys
529.1398680878242,2542.233270178014,2125.999764816544,854.2962015600912,145,492,-130,825,-2071,1222,115,-1871,1003,-53,98,847,1512.9172761606185,2542.233270178014,529.1398680878242,2013.09340209019,842.1640668508336,-370.6949194168685,45.538585944601664,-325.15633347226697,416.2335053614702,2,-65,usb
1790.2240083296838,3455.5857679993996,3017.650907576952,1075.2325329899577,617,1582,-567,1172,-2792,1665,-462,-2038,2177,46,-400,997,2334.6733042239985,3455.5857679993996,1075.2325329899577,2380.353235009442,949.41024459598,138.52830745863912,576.463167881087,714.9914753397263,437.93486042244785,2,-45,batteries
12065.832171881058,1363.9369486893447,6286.702553803544,5728.420375635852,-605,-10765,-5416,-136,-778,1112,890,-5248,-3345,4232,-3476,-1680,6361.22301250245,12065.832171881058,1363.9369486893447,10701.895223191714,3805.306365486129,5630.088700679704,707.3230955655035,6337.4117962452065,-4922.765605114199,1,-76,magnet
4584.412176059216,3785.846404702652,2406.3002722021206,2612.6172700952584,4195,1107,-1481,1266,-3246,1481,-1661,-1616,648,-1362,-490,2175,3347.2940307648123,4584.412176059216,2406.3002722021206,2178.1119038570955,887.1314285979602,296.12438673171255,1675.6705192322452,1971.7949059639575,1379.5461325005317,1,-74,keys
615.078043828586,2499.986599964088,2854.0339871837546,916.9983642297296,-286,470,-275,1340,-1898,923,335,-2318,1631,-455,-306,735,1721.5242488015394,2854.0339871837546,615.078043828586,2238.9559433551685,969.5446151613112,26.06353340926148,-327.9838538104052,-301.9203204011436,-354.0473872196667,3,-63,empty
521.344415909483,2550.6085548354927,1796.2433020056053,857.9026751327915,140,490,-110,852,-2068,1226,-35,-1647,716,38,-93,852,1431.5247369708432,2550.6085548354927,521.344415909483,2029.2641389260095,797.3140394101678,-545.4617560265979,208.90349680328927,-336.5582592233085,754.3652528298874,2,-64,usb
2119.459836845228,3406.7563752050132,3176.6400488566533,1620.338544872645,701,1775,-922,1078,-2713,1756,-163,-2013,2452,-26,-311,1590,2580.7987014448845,3406.7563752050132,1620.338544872645,1786.4178303323683,736.9786717540723,134.5024828121118,364.61880916047176,499.1212919725831,230.11632634835996,2,-45,batteries
2119.4784735873113,3473.351407502558,3876.3660817832983,977.92228730099,876,1827,-622,1261,-2780,1657,-542,-2393,3001,-406,-186,870,2611.779562543539,3876.3660817832983,977.92228730099,2898.4437944823085,1146.0077515793157,772.2854302835308,369.2707560027902,1141.5561862863217,-403.01467428074056,3,-44,batteries
3515.491715251225,4285.992183847283,6679.912274873076,7829.657591491469,2161,480,2731,1273,-4016,788,-1606,-2846,5826,-2952,-265,7247,5577.763441365763,7829.657591491469,3515.491715251225,4314.165876240244,1746.9542759223991,-960.1228926072254,-3354.0429836330186,-4314.165876240244,-2393.920091025793,4,-61,screwdriver
560.8475728751976,2542.2621816012606,2009.6176253207973,852.6617148670392,190,515,-115,857,-2058,1222,-107,-1785,917,92,-98,842,1491.3472736660738,2542.2621816012606,560.8475728751976,1981.414608726063,813.4456400576313,-412.2293491361525,120.41520714431068,-291.81414199184167,532.6445562804633,2,-64,usb
1818.6789161366555,3429.6091614060047,3289.9370814652366,1067.4179125347298,602,1585,-658,1185,-2785,1613,-267,-2291,2346,80,-391,990,2401.410767885656,3429.6091614060047,1067.4179125347298,2362.191248871275,995.7138514065276,305.7944618305787,445.4665417713468,751.2610036019257,139.67207994076807,2,-44,batteries
7288.817325190693,2410.069708535419,3423.008910300994,713.3883935136596,2328,25,-6907,240,-2156,1050,-1926,-2433,-1445,615,-273,237,3458.8210843851916,7288.817325190693,713.3883935136596,6575.428931677034,2413.8886586196245,3794.1840667213046,2781.244864955729,6575.428931677034,-1012.939201765575,1,-60,screwdriver
19287.313446926713,3472.656619938113,32712.086665329072,5686.054695480866,-726,-5330,-18522,-3336,672,692,4281,-22473,-23382,4403,-80,-3597,15289.527856918692,32712.086665329072,3472.656619938113,29239.43004539096,11740.879307467028,21420.3443984184,-7819.085646972557,13601.258751445846,-29239.43004539096,3,-73,magnet
1290.232149653697,2616.03516795933,2739.4477545666023,2696.074368410486,-943,485,735,1906,-1452,1050,1490,-1355,1857,-1763,-1358,-1522,2335.447360147529,2739.4477545666023,1290.232149653697,1449.2156049129053,605.0769603777183,-641.2148160747583,-764.6274026820308,-1405.842218756789,-123.41258660727226,3,-63,scissors
3850.9568940719137,4365.861541551679,6774.470754236083,4398.639221395635,2538,1180,2645,1113,-4107,977,-2078,-2051,6113,-1131,221,4245,4847.482102813828,6774.470754236083,3850.9568940719137,2923.5138601641693,1133.5526070278488,930.4634426803404,-1478.1457700040628,-547.6823273237214,-2408.609212684404,3,-61,screwdriver
535.8675209415103,2532.5240373982633,2430.2172742370176,926.9072229732596,145,500,-127,835,-2058,1217,200,-2000,1366,212,-98,897,1606.3790138875129,2532.5240373982633,535.8675209415103,1996.656516456753,886.5848598649665,-246.67323259649743,-144.3664694352517,-391.03970203174936,102.30676316124573,2,-65,usb
1842.1558023142345,3504.0556502430154,3355.2372494355745,838.9719899972823,607,1620,-633,1261,-2866,1573,-682,-2158,2477,-31,-327,772,2385.1051729975266,3504.0556502430154,838.9719899972823,2665.083660245733,1104.3695322402002,427.18270575475526,576.0011065621966,1003.183812316952,148.81840080744087,2,-46,batteries
652.5136013908062,2557.3433480860563,2686.4050327528794,869.8160725118845,226,507,-343,860,-2073,1226,0,-2146,1616,232,-216,810,1691.5195136854063,2686.4050327528794,652.5136013908062,2033.891431362073,934.636017293088,-44.12039322712758,-173.1820778939507,-217.30247112107827,-129.0616846668231,3,-65,usb
3415.4345257960954,4197.882918805621,6895.183463839087,5639.901772194264,1778,735,2822,1372,-3866,891,-1261,-2845,6153,-2898,-398,4822,5037.100670158767,6895.183463839087,3415.4345257960954,3479.748938042992,1336.9674972437062,236.416649317649,-2460.8838957158177,-2224.4672463981683,-2697.3005450334667,3,-62,screwdriver
10657.000750680278,3493.805661452852,5212.679349432497,1627.904788370622,2751,3700,9608,1185,-3182,823,-1,-2795,4400,-1396,-257,797,5247.847637484062,10657.000750680278,1627.904788370622,9029.095962309657,3370.4904574487296,5373.984825144651,3655.111137165006,9029.095962309657,-1718.8736879796447,1,-59,screwdriver
512.4685356195051,2558.3377415814357,2537.3586660147203,1087.1453444687145,132,492,-56,852,-2068,1242,50,-2092,1435,125,-196,1062,1673.8275719210935,2558.3377415814357,512.4685356195051,2045.869205961931,897.3565397748744,-297.82794220796245,-276.848866641247,-574.6768088492094,20.979075566715437,2,-63,usb
1413.6636799465423,2002.7253930581696,5114.467616477789,2646.8094000135334,-317,1110,816,1355,-950,1128,3947,-741,3167,-516,-960,-2412,2794.4165223740088,5114.467616477789,1413.6636799465423,3700.803936531247,1408.6942711188797,939.298251676314,-2172.443971743305,-1233.145720066991,-3111.7422234196197,3,-66,scissors
1805.97176057656,3454.5067665297747,3034.3376542501,1074.9465102971403,622,1595,-575,1177,-2808,1632,-465,-2046,2192,51,-378,1005,2342.440672913394,3454.5067665297747,1074.9465102971403,2379.5602562326344,949.9674699067576,155.42806899987272,575.5971812795474,731.0252502794197,420.16911227967466,2,-45,batteries
11694.58763702252,1145.471082131714,4867.297504776136,11518.567402242346,-7596,-7920,-4042,182,206,1112,2356,-3605,-2268,6441,-8775,-3767,7306.48090654318,11694.58763702252,1145.471082131714,10549.116554890808,4497.355085193958,1948.9233287122988,-1772.9030939321235,176.0202347801751,-3721.8264226444217,1,-68,magnet
6016.40673492077,1913.7977949616304,4024.391755284269,2147.6380048788483,-745,35,-5970,-133,-1622,1007,252,-2460,-3175,2080,-170,507,3525.5585725113797,6016.40673492077,1913.7977949616304,4102.608939959139,1654.5087644952273,2989.68134518228,879.0873848596416,3868.7687300419216,-2110.5939603226384,1,-62,screwdriver
5064.1977647007425,3613.317312387607,3949.823287186403,1011.747498143682,3785,1605,2957,1322,-2943,1627,-1448,-2380,2800,-803,-82,610,3409.771465604609,5064.1977647007425,1011.747498143682,4052.45026655706,1484.9858761444834,2194.4781206779285,1857.9721458791328,4052.45026655706,-336.5059747987957,1,-72,keys
1805.145146518695,3366.758678610631,3021.628699890177,1011.6066429200632,632,1607,-526,1142,-2662,1716,-480,-1952,2256,38,-340,952,2301.2847919848914,3366.758678610631,1011.6066429200632,2355.1520356905676,943.8689295548696,224.2042624390888,569.3342411595429,793.5385035986316,345.1299787204539,2,-46,batteries
1978.102120720768,2506.522291941566,3532.007502823288,10381.952947302352,-1822,652,410,1438,-1643,1231,548,-2183,2722,-6173,-3347,-7647,4599.646215696994,10381.952947302352,1978.102120720768,8403.850826581584,3384.8406447607435,-3689.182807849931,-4714.668018731652,-8403.850826581584,-1025.4852108817222,4,-63,scissors
913.4467691113696,3501.065123644518,2531.189838791235,3496.5518729170885,726,525,178,1393,-2968,1228,-8,-2197,1257,-1191,-55,3287,2610.563401116053,3501.065123644518,913.4467691113696,2587.618354533148,1056.4650863863826,-1776.4901943295008,-806.6149094762186,-2583.105103805719,969.8752848532822,2,-64,scissors
1113.9739673798483,2888.352644674815,8902.96158589938,2170.4289898543097,88,455,1013,2172,-646,1791,4455,-2590,7260,-2013,432,-687,3768.929296952088,8902.96158589938,1113.9739673798483,7788.987618519532,3030.5813723733336,2479.076959375052,-3535.5319818495136,-1056.4550224744612,-6014.608941224566,3,-67,scissors
2056.169740074977,3525.881024651853,3449.6059195218227,1158.6064905739136,755,1825,-572,1278,-2843,1648,-696,-2111,2638,-450,-262,1035,2547.565793705641,3525.881024651853,1158.6064905739136,2367.2745340779393,992.6549132205736,410.64407218551696,486.9191773155467,897.5632495010636,76.27510513003017,2,-45,batteries
1834.860212659264,3425.051240492615,3005.9178298815823,1269.4861165054149,666,1630,-516,1116,-2736,1732,-231,-1990,2241,21,-325,1227,2383.828849884719,3425.051240492615,1269.4861165054149,2155.5651239872,868.0819457040319,73.12034277140856,492.25375338244066,565.3740961538492,419.13341061103256,2,-44,batteries
1795.4456271355032,3398.3479810048884,2889.4435450446163,1274.573654207555,656,1600,-483,1108,-2721,1708,-228,-1950,2120,3,-352,1225,2339.452701848141,3398.3479810048884,1274.573654207555,2123.7743267973337,844.6390091722232,5.983768483838048,514.8882044441102,520.8719729279483,508.90443596027217,2,-43,batteries
1634.540914140726,3410.4178629604908,3163.150644531493,543.0626114915295,658,1482,-206,1246,-2703,1665,-421,-2140,2291,-303,-88,442,2187.79300828106,3410.4178629604908,543.0626114915295,2867.3552514689613,1168.0496577271492,422.10554211009935,669.372760539097,1091.4783026491964,247.2672184289977,2,-63,keys
3556.135121167361,2913.895674179156,4329.276844924565,1339.0716933756755,-863,832,3348,968,-1808,2070,875,-2137,3662,-500,792,-957,3034.5948334116897,4329.276844924565,1339.0716933756755,2990.2051515488893,1099.724145879811,1816.222299268547,400.8411285231382,2217.063427791685,-1415.3811707454088,3,-45,keys
1149.6838695919848,2760.667491749052,4368.0409796612485,1352.626334210598,-1108,230,203,1982,-1656,975,2327,-2958,-2217,-830,-383,997,2407.7546688032207,4368.0409796612485,1149.6838695919848,3218.3571100692634,1290.6691887762306,702.215511646792,-905.1579762654046,-202.94246461861303,-1607.3734879121969,3,-61,Knife
515.5986811464901,2519.6344973031305,2240.1200860668164,910.8001976284372,112,487,-127,845,-2038,1217,143,-1908,1165,178,-47,892,1546.5383655362184,2519.6344973031305,515.5986811464901,2004.0358161566403,850.7307646515211,-337.3579638591307,-57.84355262281656,-395.201516481947,279.5144112363141,2,-63,usb
619.9080576988816,2512.85514902869,2839.8748211849056,936.3621094427092,-306,475,-255,1355,-1896,940,342,-2326,1593,-470,-293,755,1727.2500343387965,2839.8748211849056,619.9080576988816,2219.966763486024,962.6550882203998,5.282810206194199,-321.7368619500214,-316.45405174382745,-327.0196721562156,3,-61,empty
4780.985777012937,3637.620788372532,2276.7599785660323,4726.003914513825,4246,347,-2170,1140,-3101,1522,-1080,-1906,620,-2735,-838,3762,3855.342614616332,4780.985777012937,2276.7599785660323,2504.225798446905,1019.0917887625764,-652.9394736536942,707.9213361528059,54.98186249911214,1360.8608098064997,1,-73,keys
969.4080668119076,2801.1977795221815,3039.1977559875895,1389.18285333501,-898,232,282,2020,-1678,975,1533,-2425,1003,-855,-398,1020,2049.7466139141725,3039.1977559875895,969.4080668119076,2069.789689175682,887.0130037081675,-90.8874050288473,-328.8873814942551,-419.7747865231024,-237.99997646540805,3,-58,Knife
3729.315486788427,3613.275937428527,3631.925109360048,2382.7956269894403,3557,912,-651,1195,-3083,1457,-1912,-1756,-2540,-1641,-947,1445,3339.3280401416105,3729.315486788427,2382.7956269894403,1346.5198597989863,554.0092420925755,682.5845158652537,663.9353439337324,1346.5198597989863,-18.649171931521323,1,-75,keys
620.2048048830321,2502.4751747020387,2822.260441560984,941.3952411182032,-298,475,-265,1342,-1893,937,327,-2321,1572,-470,-291,762,1721.583915566065,2822.260441560984,620.2048048830321,2202.055636677952,954.3335746290276,-0.7025846881128928,-320.4878515470582,-321.1904362351711,-319.7852668589453,3,-62,empty
1751.584711054535,3442.3600915650877,2780.9814814198244,1074.56875070886,632,1580,-415,1123,-2785,1683,-200,-1887,2033,0,-347,1017,2262.373758687077,3442.3600915650877,1074.56875070886,2367.791340856228,912.8400604728674,7.818675100206292,669.1972852454696,677.0159603456755,661.3786101452633,2,-45,batteries
674.6480563968149,2678.5832075931485,2752.9375219935523,3391.3161162003166,241,562,285,428,-2418,1070,-40,-2172,1691,3016,-440,1487,2374.371225545958,3391.3161162003166,674.6480563968149,2716.668059803502,1019.692739652188,-1321.1568727015488,-1395.5111871019528,-2716.668059803502,-74.35431440040384,4,-66,scissors
1805.3002520356551,3415.095020639982,3017.1020864399,1274.657993345666,636,1622,-473,1093,-2736,1727,-265,-2006,2238,0,-327,1232,2378.0388381153007,3415.095020639982,1274.657993345666,2140.437027294316,870.2537184150548,66.32466224495374,464.3175964450352,530.6422586899891,397.9929342000819,2,-43,batteries
1370.2769793001703,1916.410707546793,4984.822263631874,1853.529875669664,-405,1075,747,1350,-861,1053,3991,-646,2916,-455,-658,-1672,2531.2599565371256,4984.822263631874,1370.2769793001703,3614.545284331703,1432.236636325042,1292.579329857794,-1775.8322262272873,-483.2528963694936,-3068.4115560850814,3,-66,scissors
988.8503425695924,2791.449265166752,2954.2190169315477,1357.2682122557796,-952,265,36,2022,-1661,972,1545,-2492,361,-817,-388,1012,2022.9467092309176,2954.2190169315477,988.8503425695924,1965.3686743619555,861.7347977259594,-102.82405896069577,-265.5938107254915,-368.4178696861874,-162.76975176479573,3,-61,Knife
4357.559179173589,4058.9880512265618,4977.675863292025,2160.37334736383,2533,2787,-2192,1372,-3618,1226,-486,-3370,3631,-710,-888,1837,3888.649110264001,4977.675863292025,2160.37334736383,2817.3025159281947,1051.4048208197414,1557.936821937611,639.2490098721482,2197.185831809759,-918.6878120654628,3,-69,keys
517.0609248434849,2548.0708388896883,2051.50530099242,892.2880700760265,122,492,-102,855,-2066,1222,-57,-1820,945,187,-147,860,1502.2312837004051,2548.0708388896883,517.0609248434849,2031.0099140462032,827.3562837567823,-435.896341564905,60.6691963323633,-375.2271452325416,496.5655378972683,2,-64,usb
4006.173486008812,2893.5454031343625,4199.679273468392,1370.685594875791,-1141,672,3781,990,-1811,2028,836,-2111,3533,-501,757,-1027,3117.5209393718396,4199.679273468392,1370.685594875791,2828.9936785926016,1124.9854188291174,1970.8108807335257,664.6770103994959,2635.4878911330215,-1306.1338703340298,3,-46,keys
23616.24445164811,1887.4368863620311,7339.212355559689,5061.374319293131,1353,-21547,-9572,-340,-753,1697,-522,-4805,-5523,4271,-2513,-1030,9476.06700321574,23616.24445164811,1887.4368863620311,21728.807565286075,8390.285820552592,12003.322800776315,6551.54733157866,18554.870132354976,-5451.775469197658,1,-68,magnet
3008.93569223405,3568.4446191583247,4915.86421700193,1468.9390729366553,2838,465,885,1231,-3040,1406,-2006,-4473,366,-1117,-398,867,3240.54590033274,4915.86421700193,1468.9390729366553,3446.925144065275,1235.5609122324452,1443.7081085705004,96.28851072689486,1539.9966192973943,-1347.4195978436055,3,-63,keys
2746.910082256061,2859.506775652053,4296.62623461711,4185.38385336399,723,1055,2431,1657,-1913,1331,-831,-1906,3760,-2357,2545,2342,3522.1067364723035,4296.62623461711,2746.910082256061,1549.716152361049,721.0730801357247,-0.6771560714360021,-1437.7966150364928,-1438.4737711079292,-1437.1194589650568,3,-66,scissors
746.0549577611558,2572.0561813459676,2733.5773265082516,848.4686205158091,197,667,-270,855,-2092,1228,68,-2170,1661,225,-193,795,1725.0392715327962,2733.5773265082516,746.0549577611558,1987.5223687470957,930.2382821995668,29.55374120381543,-131.9674039584686,-102.41366275465327,-161.52114516228403,3,-63,usb
4239.965212121439,3756.729162449697,7478.945781325066,2109.051445555561,1111,422,4070,1487,-3358,791,390,-3691,6493,-1428,-417,1495,4396.172900362941,7478.945781325066,2109.051445555561,5369.894335769504,1947.2867226257383,2926.5651927206236,-795.6514261547454,2130.913766565878,-3722.216618875369,3,-57,screwdriver
6238.903749858624,3600.063749435557,5526.181774064259,3250.99215625015,1276,1912,5800,1263,-3243,921,-202,-2140,5091,-2487,666,1985,4654.035357402147,6238.903749858624,3250.99215625015,2987.911593608474,1260.1422110423357,2457.0148091185883,530.8967844898852,2987.911593608474,-1926.1180246287024,1,-62,screwdriver
1813.6438459631484,3393.3703010429026,3094.956865612185,1298.955734426697,668,1602,-526,1103,-2688,1753,-358,-2025,2313,6,-335,1255,2400.2316867612335,3393.3703010429026,1298.955734426697,2094.414566616206,869.750165201091,108.13733805286712,406.5507734835842,514.6881115364513,298.4134354307175,2,-43,batteries
579.2167124660683,2560.7065431243777,2709.471166113417,882.0963666176162,276,470,-196,860,-2073,1233,68,-2161,1633,187,-250,825,1682.8726970803696,2709.471166113417,579.2167124660683,2130.254453647349,959.6608700064008,-77.05751558125439,-225.82213857029365,-302.8796541515479,-148.76462298903925,3,-63,usb
966.6193666588728,2802.561863723975,3051.496845811904,1401.3757526088425,-883,242,310,2015,-1688,972,1552,-2420,1023,-855,-402,1035,2055.5134572008988,3051.496845811904,966.6193666588728,2084.8774791530313,889.3327146046128,-92.9107019310204,-341.84568401894967,-434.75638594996985,-248.93498208792928,3,-61,Knife
1802.1434460108885,3355.748202711282,3046.3791622186495,1004.6934855964778,620,1605,-536,1145,-2650,1711,-488,-1971,2271,28,-340,945,2302.241074134324,3355.748202711282,1004.6934855964778,2351.054717114804,948.3335576519646,244.04045996088917,553.4095004535216,797.4499604144107,309.3690404926324,2,-45,batteries
1624.7612132248848,2409.2656557548817,4296.6439228774825,1600.2181101337403,-975,1010,818,1215,-940,1856,486,-1752,-3893,523,1025,-1112,2482.722225497748,4296.6439228774825,1600.2181101337403,2696.425812743742,1096.6560997046945,955.9606851068728,-931.417582015728,24.543103091144303,-1887.3782671226008,3,-62,scissors
2094.3614778733877,3460.734748575799,3876.6163080707383,1021.7935212164932,851,1807,-630,1278,-2760,1651,-527,-2403,2996,-423,-227,902,2613.3765139341044,3876.6163080707383,1021.7935212164932,2854.822786854246,1130.9623983217243,744.2247580759167,328.3431985809775,1072.5679566568947,-415.8815594949392,3,-43,batteries
5186.727484647714,3561.505018949152,2752.202027468187,2664.9211995854585,5078,387,-983,1162,-3035,1457,-790,-2420,-1046,-1947,-1086,1460,3541.338932662628,5186.727484647714,2664.9211995854585,2521.8062850622555,1012.2444438019502,856.2516467906453,1665.5546382716102,2521.8062850622555,809.3029914809649,1,-75,keys
1479.239331548482,2779.9678055689783,3320.1004502876112,1350.2981152323364,-1417,272,-326,2022,-1651,956,1977,-2573,703,-801,-402,1010,2232.401425659352,3320.1004502876112,1350.2981152323364,1969.8023350552749,840.8741729379566,334.53693051738946,-205.59571420124348,128.94121631614576,-540.132644718633,3,-61,Knife
3923.7677046430767,2892.904077220674,4169.002398656062,1363.0939072565764,-938,690,3747,987,-1806,2033,838,-2111,3496,-492,731,-1040,3087.192021944097,4169.002398656062,1363.0939072565764,2805.9084913994857,1104.585293060122,1918.386059410944,642.2877379755564,2560.6737973865,-1276.0983214353878,3,-46,keys
24874.453983957115,2672.0602538116536,26464.512634847444,4219.49854840596,7925,-9440,-21606,-2201,-468,1441,-6936,-14357,-21122,3648,358,-2090,14557.631355255544,26464.512634847444,2672.0602538116536,23792.45238103579,11139.506736138754,22223.70390829347,-1568.7484727423162,20654.955435551157,-23792.45238103579,3,-72,magnet
4962.089680769584,3602.003470292609,3793.400980650477,1445.4424928028095,2922,1435,3745,1320,-2930,1627,-1755,-2371,2385,-1166,-62,852,3450.73415612887,4962.089680769584,1445.4424928028095,3516.647187966775,1269.4184825051093,1854.022349162321,1662.6248388044537,3516.647187966775,-191.39751035786776,1,-72,keys
978.3194774714444,2822.6678869466737,3046.500943705746,1391.264892103585,-903,240,290,2038,-1691,977,1552,-2420,1008,-857,-388,1025,2059.6883000568623,3046.500943705746,978.3194774714444,2068.1814662343018,890.5174656394298,-94.55617893653402,-318.38923569560666,-412.94541463214057,-223.8330567590724,3,-58,Knife
987.955464583298,2812.2791468842493,3064.987765065303,1391.0186914632025,-916,230,290,2017,-1700,975,1586,-2415,1023,-852,-398,1025,2064.0602669990135,3064.987765065303,987.955464583298,2077.0323004820048,890.6000584976193,-75.17730434942541,-327.8859225304791,-403.0632268799045,-252.70861818105368,3,-58,Knife
648.9607075933026,2530.883245035219,2665.791252142598,905.9155589788708,205,582,-201,855,-2056,1203,45,-2137,1593,183,-237,855,1687.8876909374974,2665.791252142598,648.9607075933026,2016.8305445492952,916.2132081462712,-61.02342213909469,-195.9314292464735,-256.9548513855683,-134.90800710737904,3,-66,usb
625.4806152072181,2506.283703015283,2823.1985406627,946.9561763883268,-301,480,-265,1347,-1893,940,335,-2321,1572,-470,-301,765,1725.479758818382,2823.1985406627,625.4806152072181,2197.717925455482,952.724830109963,-2.2803617668459992,-319.1951994142628,-321.4755611811088,-316.9148376474168,3,-66,empty
981.3633374036348,2812.7575437637706,3074.351476327975,1394.587035648905,-911,212,297,2036,-1678,975,1588,-2438,993,-860,-388,1027,2065.7648482860714,3074.351476327975,981.3633374036348,2092.98813892434,894.657946695621,-75.81488284053285,-337.4088154047372,-413.2236982452702,-261.59393256420435,3,-60,Knife
1019.2874962443128,2956.4253753477356,10016.285988329208,8120.94637342225,-807,367,503,1871,-1821,1387,6860,1768,-7081,-4068,-2261,-6655,5528.236308335876,10016.285988329208,1019.2874962443128,8996.998492084895,3667.75020539798,-20.899132098232258,-7080.759745079704,-7101.658877177937,-7059.8606129814725,3,-64,scissors
524.6189093046495,2553.477237024055,2315.4975707177928,898.3590596192594,160,485,-120,850,-2061,1245,120,-1960,1227,171,-132,872,1572.988194166439,2553.477237024055,524.6189093046495,2028.8583277194052,875.6257139971422,-305.8599083104359,-67.88024200417385,-373.7401503146099,237.9796663062621,2,-65,usb
8880.559104020422,1938.775386680984,6435.193470285101,2842.5400612832177,4231,-6787,-3860,291,-1485,1212,-163,-6215,-1661,1663,-1961,-1212,5024.267005567431,8880.559104020422,1938.775386680984,6941.783717339437,2790.2461014696314,5267.218563170661,770.8004795665429,6038.019042737204,-4496.418083604117,1,-75,magnet
2467.820698511138,4397.633227089317,7239.302314449922,5636.289737052204,1457,447,1941,1507,-4023,940,-1207,-2632,6635,-3068,-103,4727,4935.261494275645,7239.302314449922,2467.820698511138,4771.481615938785,1744.8032075624246,-163.3999755902314,-3005.0690629508354,-3168.4690385410663,-2841.669087360605,3,-61,screwdriver
550.5760619569289,2557.84850997865,3062.9777994624774,887.25700898894,142,507,-161,860,-2083,1210,122,-2385,1918,200,-216,837,1764.664845096749,3062.9777994624774,550.5760619569289,2512.401737505548,1067.5454250193136,84.22417122590832,-420.9051182579194,-336.6809470320111,-505.1292894838275,3,-65,usb
3716.819742737062,2206.2409206612047,4552.15135952222,8264.276374855817,-2730,-107,-2520,1241,557,-1737,2823,-3532,527,-220,-6842,-4630,4684.8720994440755,8264.276374855817,2206.2409206612047,6058.035454194613,2231.058473427009,-1100.77309662887,-3446.683535489886,-4547.456632118756,-2345.910438861016,4,-72,magnet
1787.370414883272,3391.9532720838006,3093.3426903594113,1299.4729700921062,678,1585,-472,1111,-2701,1725,-358,-2053,2286,-6,-337,1255,2393.034836854647,3391.9532720838006,1299.4729700921062,2092.4803019916944,873.3521738680513,94.64343153338814,393.25401325777784,487.897444791166,298.61058172438925,2,-43,batteries
6931.436864027544,3558.3368305993745,5489.356701836746,2209.5850289138,2358,1542,6333,1226,-3238,821,112,-2797,4722,-1761,-216,1317,4547.178856344366,6931.436864027544,2209.5850289138,4721.8518351137445,1803.7834399990315,3326.435853175557,1395.4159819381855,4721.8518351137445,-1931.0198712373713,1,-57,screwdriver
4155.928175510256,2892.8205958890712,4596.252060102884,1781.3113147341764,93,667,4101,1101,-1563,2171,322,-2232,4005,-1403,806,-745,3356.5780365590963,4596.252060102884,1781.3113147341764,2814.940745368707,1103.6630529691026,2039.0241624949456,335.5926982811334,2374.616860776079,-1703.4314642138124,3,-47,keys
5036.9897756497385,3646.38053417358,3929.847579741484,1125.751304685009,4021,1077,2836,1347,-2981,1611,-1622,-2403,2653,-896,-170,660,3434.742298562453,5036.9897756497385,1125.751304685009,3911.2384709647295,1430.782685269122,2097.352758266317,1813.8857126984128,3911.2384709647295,-283.4670455679043,1,-72,keys
630.5727555167604,2508.9896372842995,2839.960210988879,949.4909162282702,-303,487,-262,1345,-1898,940,343,-2317,1606,-472,-293,770,1732.2533800045524,2839.960210988879,630.5727555167604,2209.3874554721187,956.1316475584332,6.026206496534996,-324.9443672080447,-318.9181607115098,-330.9705737045797,3,-59,empty
626.5341171875639,2842.976081503325,3028.067535574463,4381.603017161641,-486,235,318,2093,-1730,842,1388,-2568,805,-128,-906,4285,2719.7951878567483,4381.603017161641,626.5341171875639,3755.068899974078,1346.621006858008,-1784.9887229514698,-1970.080177022608,-3755.068899974078,-185.09145407113783,4,-63,Knife
9360.764338450146,1316.9066026108303,4061.9686114001424,13985.938152301404,-7628,-3842,-3831,593,935,713,2642,-2945,-920,4441,-12471,-4512,7181.394426190631,13985.938152301404,1316.9066026108303,12669.031549690571,4877.871036167126,-940.0559025309732,-3685.117911320285,-4625.173813851257,-2745.062008789312,4,-68,magnet
1792.9829893225424,3460.4631192948727,3057.998364943971,1078.7576187448226,632,1570,-592,1175,-2808,1646,-481,-2072,2197,67,-373,1010,2347.5505230765525,3460.4631192948727,1078.7576187448226,2381.70550055005,956.6466388395488,155.88030811340877,558.3450624643106,714.2253705777198,402.4647543509018,2,-46,batteries
626.8556452645219,2506.527478405134,2855.1162848472563,924.2710641364902,-278,480,-292,1330,-1916,918,312,-2333,1616,-457,-308,742,1728.1926181633507,2855.1162848472563,626.8556452645219,2228.2606395827343,966.3067704024966,25.58669378507716,-323.00211265704525,-297.4154188719683,-348.5888064421224,3,-58,empty
1528.9375396006208,2046.208689259236,1403.5775717786316,2545.2467463882554,-1205,900,-275,820,-1023,1571,385,-1026,877,1166,410,-2225,1880.992636756686,2545.2467463882554,1403.5775717786316,1141.6691746096235,452.8790682589891,-829.4701621341192,-186.83904465351495,-1016.3092067876346,642.6311174806042,4,-64,scissors
3081.700017847292,3674.474928476176,4136.974981795273,1677.007751920068,2465,1075,1505,1350,-3035,1571,-2823,-2697,1368,-1191,-235,1157,3142.5394200097026,4136.974981795273,1677.007751920068,2459.9672298752057,925.1137733733532,933.5961596231608,471.0961063040636,1404.6922659272243,-462.50005331909733,3,-69,keys
821.3214961268212,2825.058937438297,3042.950870454533,3330.7361048272796,-780,237,-100,2058,-1745,837,1550,-2495,795,1893,-373,2715,2505.016852211733,3330.7361048272796,821.3214961268212,2509.4146087004583,988.489033897302,-1145.7613378421113,-1363.6532708583472,-2509.4146087004583,-217.89193301623573,4,-64,Knife
1316.4983858706398,2784.5439482974584,3610.703255599939,1462.257843200029,-1308,52,140,2038,-1615,996,2377,-2245,1532,-803,-435,1142,2293.5008582420164,3610.703255599939,1316.4983858706398,2294.2048697292994,951.5309050383668,340.1999249865462,-485.9593823159353,-145.75945732938908,-826.159307302481,3,-61,Knife
621.2527665934374,2517.433017976844,2833.4186065599274,948.0369191123308,-291,485,-257,1362,-1901,932,346,-2312,1601,-477,-301,762,1730.035327560635,2833.4186065599274,621.2527665934374,2212.1658399664902,958.9538651010106,-5.399281967905154,-321.38487055098835,-326.7841525188934,-315.9855885830834,3,-59,empty
976.8234231425862,2817.027866386841,3047.6646797178983,1387.0111751532502,-906,232,282,2041,-1686,963,1562,-2420,996,-850,-396,1022,2057.131786100144,3047.6646797178983,976.8234231425862,2070.841256575312,890.8879360595422,-89.77546933980352,-320.4122826708606,-410.187752010664,-230.63681333105703,3,-58,Knife
6460.490229077047,1791.7014260194137,8143.962303449101,2811.528587797037,2705,-5010,-3053,263,-1480,975,421,-7841,-2160,1793,-1500,-1562,4801.92063658565,8143.962303449101,1791.7014260194137,6352.260877429688,2595.340815756741,5000.61125935485,-1351.649618074839,3648.96164128001,-6352.260877429688,3,-75,magnet
4101.1242361089235,4193.202713916893,5415.081624500225,11642.453564433916,2356,750,3272,1162,-3937,856,-1676,-2218,4647,-2967,9106,6620,6337.965534739989,11642.453564433916,4101.1242361089235,7541.329328324992,3106.1541543278304,-3159.72520887083,-4381.604119454161,-7541.329328324992,-1221.878910583332,4,-61,screwdriver
627.8964882844942,2506.6689051408443,2846.3803329843327,940.574292653164,-298,485,-265,1342,-1901,932,348,-2331,1596,-462,-306,760,1730.3800047657087,2846.3803329843327,627.8964882844942,2218.4838446998383,960.1229291642948,13.51681173740917,-326.19461610607914,-312.67780436866985,-339.7114278434883,3,-60,empty
578.9283202608074,2556.8906898809732,2644.0107791005694,941.4217970707924,162,445,-333,867,-2076,1215,42,-2127,1570,195,-255,885,1680.3128965782855,2644.0107791005694,578.9283202608074,2065.082458839762,929.5308330511106,-137.6866937951943,-224.80678301479065,-362.49347680998494,-87.12008921959614,3,-64,usb
997.560023256746,2806.475904047637,3067.3839016334423,1391.1588694322445,-926,225,295,2027,-1683,967,1578,-2422,1026,-847,-383,1035,2065.6446745925173,3067.3839016334423,997.560023256746,2069.823878376696,887.1370121506445,-66.34542429484623,-327.2534218806518,-393.5988461754981,-260.90799758580533,3,-60,Knife
5330.405706885734,2168.8974157391585,4976.435069404603,1037.9831405181878,390,255,-5310,-136,-1926,988,-1031,-2581,-4128,960,-260,297,3378.430333136921,5330.405706885734,1037.9831405181878,4292.422566367546,1823.7660168290104,3549.9801100164955,742.4424563510506,4292.422566367546,-2807.537653665445,1,-61,screwdriver
621.8343830956921,2566.582357922691,2710.4276415355566,860.4138539098496,167,542,-255,852,-2105,1196,1,-2161,1636,222,-178,812,1689.8145591159473,2710.4276415355566,621.8343830956921,2088.5932584398643,953.7898121702582,-47.3670936006456,-191.2123772135119,-238.5794708141575,-143.84528361286584,3,-66,usb
2280.139030848777,2139.6511397889144,4009.100148412359,7889.526791893161,-2181,-52,663,987,-1457,1217,880,-2372,3110,1597,-3668,-6800,4079.6042777358025,7889.526791893161,2139.6511397889144,5749.875652104247,2319.5890664252875,-1869.9693762104696,-3739.418384833914,-5609.387761044384,-1869.4490086234448,4,-64,scissors
529.1937263422536,2548.8318893171436,1754.3021404535764,894.3735237583903,91,487,-186,832,-2068,1236,216,-1586,718,220,-160,852,1431.675319967841,2548.8318893171436,529.1937263422536,2019.6381629748896,783.4687474270943,-579.8547731398521,214.6749757237153,-365.1797974161367,794.5297488635672,2,-65,usb
21387.825251764145,1546.8956008729226,9689.425679574617,3951.981148740465,708,-19802,-8051,-345,-545,1406,-343,-7235,-6436,3355,-1621,-1317,9144.031920238036,21387.825251764145,1546.8956008729226,19840.929650891223,7662.927002240585,12789.187090862686,4646.657012160994,17435.84410302368,-8142.530078701692,1,-69,magnet
15142.222723233204,1253.0514753991554,8898.408228441758,5713.612254957454,-1002,-12227,-8876,-540,-427,1047,1210,-6788,-5625,4215,-3146,-2232,7751.823670507893,15142.222723233204,1253.0514753991554,13889.171247834049,5057.6921645503035,8536.983610659176,891.626857616574,9428.61046827575,-7645.356753042603,1,-74,magnet
1120.99821587726,1755.2213535619944,16762.957316655076,2032.7759345289387,-1012,482,-13,1103,-692,1177,-14823,1080,7753,413,203,-1980,5417.988205155817,16762.957316655076,1120.99821587726,15641.959100777816,6558.352884588663,7047.979122220702,-7959.75684087238,-911.7777186516788,-15007.735963093082,3,-64,scissors
587.8792393000454,2556.205977616045,2662.806789836619,875.2039762249713,241,535,-36,832,-2083,1226,-6,-2130,1598,207,-198,827,1670.52399574442,2662.806789836619,587.8792393000454,2074.9275505365736,945.213113346454,-90.36196235217608,-196.96277457275005,-287.3247369249259,-106.60081222057396,3,-63,usb
645.7220764384628,2575.1815469981916,2664.932456930194,922.8835246118548,187,582,-208,872,-2090,1226,42,-2130,1601,200,-245,867,1702.179901244676,2664.932456930194,645.7220764384628,2019.210380491731,923.6382321010026,-93.70526912069477,-183.45617905269705,-277.16144817339205,-89.75090993200229,3,-63,usb
619.0613862937988,2514.1181356491584,2833.4482525714143,945.5421725126808,-303,472,-262,1355,-1906,923,340,-2315,1598,-480,-301,757,1728.042486756763,2833.4482525714143,619.0613862937988,2214.3868662776154,959.4246525723128,-3.5753346483129462,-322.90545157056886,-326.4807862188819,-319.3301169222559,3,-62,empty
3372.03573527921,3506.0738725816946,3213.6574179585477,558.4021848094794,625,300,3300,1391,-2797,1592,-33,-2212,2331,-320,-98,447,2662.542302657233,3506.0738725816946,558.4021848094794,2947.671687772215,1219.2272087518063,1260.6085479232918,1553.0250025464386,2813.6335504697304,292.4164546231468,2,-63,keys
35965.52478415962,6471.115591611697,79.47955712005447,6724.461168004467,-182,19325,-30332,-3412,1077,5392,-8,-78,13,5173,3632,-2295,12310.14527522396,35965.52478415962,79.47955712005447,35886.04522703957,13914.563397853388,11424.713790831756,17816.3498253234,29241.063616155152,6391.636034491642,1,-60,magnet
3171.8948595437396,2234.877625285107,2567.5784311292227,2402.8368650409875,-2788,1057,-1082,793,-1423,1530,1485,-1465,1497,2227,636,-640,2594.2969452497646,3171.8948595437396,2234.877625285107,937.0172342586324,353.6143518972921,550.8794001734341,218.17859432931849,769.0579945027521,-332.7008058441156,1,-64,scissors
6173.551166063176,816.2089193337696,5645.458883031564,5097.124973943644,-3478,-4545,-2315,778,-172,-177,2582,-5001,-441,1977,-3895,-2627,4433.085985593039,6173.551166063176,816.2089193337696,5357.342246729407,2122.605390631664,2952.8380779086633,-1876.4118857891312,1076.426192119532,-4829.249963697795,1,-70,magnet
608.1858268654408,2502.535913828211,2850.508200303939,938.6602154134372,-276,467,-275,1325,-1906,935,332,-2337,1598,-465,-303,757,1724.972539102757,2850.508200303939,608.1858268654408,2242.322373438498,966.5576751241424,8.748948963865814,-339.2233375118619,-330.4743885479962,-347.97228647572774,3,-57,empty
3439.364621554394,3032.9035592975915,4247.6551178267755,596.3631444011274,1356,2282,2187,872,-2066,2042,2162,-1593,3291,43,530,-270,2829.0716107699723,4247.6551178267755,596.3631444011274,3651.291973425648,1361.191691546563,2028.8765178412252,814.1249593120415,2843.0014771532665,-1214.751558529184,3,-46,keys
3018.0753801056726,4288.060284091164,6123.170747251786,6940.614742225648,2111,207,2147,1288,-4026,721,-1280,-2282,5536,-3607,2578,5340,5092.480288418567,6940.614742225648,3018.0753801056726,3922.539362119975,1535.2663489011734,-1043.714449479677,-2878.8249126402993,-3922.539362119975,-1835.1104631606224,4,-57,screwdriver
1001.5338236924404,2813.0191965217728,3077.707425990976,1406.5606990101778,-931,222,295,2022,-1697,972,1581,-2431,1031,-862,-400,1037,2074.7052863038416,3077.707425990976,1001.5338236924404,2076.1736022985356,887.3041896570161,-70.16932292426714,-334.8575523934703,-405.0268753177376,-264.6882294692032,3,-58,Knife
1378.7686535456194,2674.536221478408,4979.359195719867,6472.087298545965,-1073,795,343,1500,-1490,1638,-2768,-2737,3105,4076,4517,-2207,3876.187842322465,6472.087298545965,1378.7686535456194,5093.318645000345,1977.1665486325417,-1394.247835379443,-3699.0708096209014,-5093.318645000345,-2304.8229742414587,4,-62,scissors
4619.495426992,3675.1994503700066,4238.718202475838,1987.7409287932871,4523,535,772,1261,-3123,1471,-2138,-2578,2598,-1495,-760,1067,3630.288502157782,4619.495426992,1987.7409287932871,2631.754498198713,1006.0686562561226,1597.6366251522722,1034.1178730464408,2631.754498198713,-563.518752105831,1,-69,keys
1606.4803142273483,2745.2116493997323,2975.543143696626,1293.2780056894187,-1531,287,393,1965,-1641,991,2027,-2178,-38,-778,-350,972,2155.128278253281,2975.543143696626,1293.2780056894187,1682.2651380072073,718.5192093973875,271.76690141741165,41.43540712051799,313.20230853792964,-230.33149429689365,3,-61,Knife
786.8862687834882,2538.230485988221,2712.192839751628,731.6952917711033,221,690,-307,855,-2058,1215,55,-2161,1638,207,-252,655,1692.25122157361,2712.192839751628,731.6952917711033,1980.4975479805248,935.1891803708083,114.5766653878959,-59.38568837551111,55.190977012384906,-173.962353763407,3,-64,usb
988.0799562788428,2817.105784311267,3055.3461342374944,1394.086797871639,-913,227,302,2033,-1686,980,1560,-2426,1008,-857,-398,1025,2063.654668174811,3055.3461342374944,988.0799562788428,2067.2661779586515,888.3021223211794,-83.88324583328449,-322.1235957595118,-406.00684159279615,-238.24034992622728,3,-58,Knife
2246.7362996132856,3674.955373878709,8605.987973498452,833.1734513293136,1328,1412,1136,1453,-2938,1662,-790,-3273,7920,-523,-132,635,3840.21327457994,8605.987973498452,833.1734513293136,7772.8145221691375,2929.2224233984025,3172.2977239518573,-1758.7348756678855,1413.562848283972,-4931.0325996197425,3,-77,keys
10860.370389632206,1019.5140999515406,8600.74566534786,4866.01366623646,-1691,-9030,-5792,-471,-508,748,1345,-7451,-4080,3470,-2655,-2142,6336.660955292016,10860.370389632206,1019.5140999515406,9840.856289680663,3742.488502010082,6787.794144396033,-793.437421000287,5994.356723395746,-7581.23156539632,1,-71,magnet
17844.45958834282,1393.105882551646,10228.839474740034,4778.021557088247,-888,-15237,-9245,-618,-518,1136,272,-8193,-6118,3516,-2547,-1995,8561.106625680686,17844.45958834282,1393.105882551646,16451.353705791174,6217.996911685164,10951.08581172148,2115.3522195330916,13066.438031254573,-8835.733592188388,1,-73,magnet
16041.558683619243,3459.2292494138055,5308.826800715955,1509.80031792287,4006,2212,15375,1177,-3147,823,195,-2776,4521,-1173,-268,912,6579.853762917968,16041.558683619243,1509.80031792287,14531.758365696374,5625.457955456982,8190.677958499264,6341.080407197112,14531.758365696374,-1849.5975513021497,1,-58,screwdriver
1848.7384888079764,2781.859450080108,3545.8540579104492,1030.4668844751875,-1516,337,1003,2043,-1627,958,1786,-2566,1673,-707,-322,677,2301.7297203184303,3545.8540579104492,1030.4668844751875,2515.3871734352615,948.6411569201708,791.1331060815653,27.13849825122361,818.2716043327887,-763.9946078303415,3,-61,Knife
5583.807392810035,2153.088479370971,4683.27460224147,1100.9536774996484,345,282,-5566,-131,-1890,1023,-831,-2398,-3936,995,-257,395,3380.281037980531,5583.807392810035,1100.9536774996484,4482.853715310386,1820.3471795976895,3506.5199190904427,976.3337962199436,4482.853715310386,-2530.1861228704993,1,-63,screwdriver
1508.0560334417287,3394.716483007086,3160.332102801856,536.034513814176,718,1322,-105,1200,-2696,1678,-431,-2153,2273,-225,-118,472,2149.784783266212,3394.716483007086,536.034513814176,2858.68196919291,1181.8488209737518,368.818569711161,603.2029499163914,972.0215196275528,234.38438020523017,2,-48,keys
5458.351857474929,1994.1717578985017,4702.047320051129,1631.1115841658411,-226,135,-5452,-170,-1725,986,-138,-2741,-3818,1580,-235,330,3446.4206298976,5458.351857474929,1631.1115841658411,3827.240273309088,1660.4848213146158,3267.5579177308578,559.6823555782303,3827.240273309088,-2707.875562152627,1,-57,screwdriver
517.2359229597264,2553.0597329478996,1809.5894562027045,893.6721994109473,132,485,-122,857,-2063,1236,13,-1661,718,195,-145,860,1443.3893278803196,2553.0597329478996,517.2359229597264,2035.8238099881733,794.5785034602935,-559.953276598208,183.51700014698713,-376.4362764512209,743.4702767451952,2,-64,usb
1104.42654803296,2797.36751250171,4833.669517043961,1273.2737333346668,-997,130,457,2112,-1511,1040,-62,-2826,3921,-756,-391,947,2502.184327728324,4833.669517043961,1104.42654803296,3729.2429690110007,1498.9082994201992,933.7274096202724,-1102.574594921979,-168.84718530170676,-2036.302004542251,3,-61,Knife
6467.2770931822615,1848.8907485300476,3654.7549849476914,9178.11184285744,-2027,712,-6100,77,-1452,1142,303,-1920,-3095,7652,1952,4677,5287.25866737936,9178.11184285744,1848.8907485300476,7329.221094327393,2784.7183042853426,-452.4852566287682,-2258.349493046411,-2710.8347496751794,-1805.8642364176435,4,-60,screwdriver
2263.5092224243313,3469.194430988266,3808.210603419932,899.7166220538553,1005,1915,-668,1261,-2767,1670,-590,-2312,2968,-431,-152,775,2610.157719721596,3808.210603419932,899.7166220538553,2908.4939813660767,1142.261869352977,851.404386401071,512.3882139694051,1363.792600370476,-339.01617243166584,3,-46,batteries
1819.355105525032,5316.251875146624,9517.131658225602,4317.885941059583,1328,287,1210,1690,-4953,935,-2481,-2065,8953,-641,-443,4247,5242.656144989211,9517.131658225602,1819.355105525032,7697.77655270057,2777.1724461053677,851.1744737722138,-3349.705309306765,-2498.530835534551,-4200.879783078978,3,-57,screwdriver
534.8364235913631,2543.5111558630915,2671.625909441664,878.9482351083026,145,505,-100,842,-2078,1201,76,-2153,1580,210,-211,827,1657.2304310011054,2671.625909441664,534.8364235913631,2136.789485850301,959.1641145100718,-107.99852896918333,-236.11328254775592,-344.1118115169395,-128.11475357857262,3,-63,usb
606.0899273210206,2484.87283376836,2832.7269547204864,940.4908293013814,-296,465,-252,1345,-1872,928,337,-2318,1593,-475,-293,757,1716.0451362778122,2832.7269547204864,606.0899273210206,2226.6370273994658,958.0656763798949,6.726609485882818,-341.1275114662435,-334.4009019803608,-347.8541209521263,3,-60,empty
586.0827586612662,3340.2916040369887,2718.2238686318683,4431.375407252245,248,530,-33,798,-3062,1070,16,-2193,1606,-1288,-412,4220,2768.993409645592,4431.375407252245,586.0827586612662,3845.292648590979,1401.568049485746,-2233.6801919980494,-1611.612456592929,-3845.292648590979,622.0677354051204,4,-67,scissors
1814.9526164613776,3363.449717180264,3057.2572675520782,1000.8171661197664,638,1615,-528,1128,-2667,1711,-498,-1983,2273,41,-327,945,2309.1191918283716,3363.449717180264,1000.8171661197664,2362.6325510604975,952.2576111168069,253.97150035671257,560.1639499848984,814.135450341611,306.19244962818584,2,-43,batteries
23753.1421710897,2525.9305216098087,9479.974314311194,3566.6126787191233,13187,-13637,-14295,-535,-1100,2210,-3641,-3446,-8046,3301,-1205,-610,9831.414921432455,23753.1421710897,2525.9305216098087,21227.211649479897,8463.980292547663,13570.286642535984,6616.242849834596,20186.529492370577,-6954.0437927013845,1,-74,magnet
1320.3882004925672,1771.9960496569963,3673.76128783567,773.0413960455157,-1010,790,-315,441,-700,1567,168,1313,3427,643,88,-420,1884.7967335076871,3673.76128783567,773.0413960455157,2900.719891790154,1091.7503255592608,1224.5560213128629,-677.209216865811,547.3468044470515,-1901.7652381786736,3,-64,scissors
4180.02882765179,3660.576320745136,3258.1210843061067,1755.3942577096464,4071,932,-176,1233,-3047,1611,-1811,-2356,1336,-1372,0,1095,3213.5301226031697,4180.02882765179,1755.3942577096464,2424.634569942144,903.0668032443978,1011.0896667515572,1413.5449031905869,2424.634569942144,402.4552364390297,1,-72,keys
503.7826912469304,2546.7557794181994,2139.4286620497537,912.0646906881112,127,472,-122,840,-2061,1238,265,-1833,1071,197,-123,882,1525.5079558507489,2546.7557794181994,503.7826912469304,2042.973088171269,842.6269795325035,-407.8045584048132,-0.4774410363675088,-408.28199944118086,407.32711736844567,2,-63,usb
2888.793173628046,3002.495462111475,4671.5737177101255,1058.3709179677985,790,2235,1651,877,-1985,2075,1651,-1878,3946,-110,860,-607,2905.3083178543616,4671.5737177101255,1058.3709179677985,3613.202799742327,1278.7287938442078,1749.7502556294494,80.6720000307987,1830.422255660248,-1669.078255598651,3,-46,keys
3817.434871743066,3874.7641218530966,6721.626365694541,2124.595726250055,2976,2052,-1227,1337,-3388,1322,-556,-5305,4090,-883,-867,1727,4134.60527138519,6721.626365694541,2124.595726250055,4597.030639444486,1650.8278983085434,2269.850694667228,-577.0115491742172,1692.839145493011,-2846.8622438414445,3,-67,keys
1843.356992012128,3382.012862187251,3093.6058249234015,1324.290753573399,676,1630,-533,1101,-2681,1743,-402,-2043,2288,11,-320,1285,2410.816608174045,3382.012862187251,1324.290753573399,2057.7221086138525,853.2250768420924,115.32960058743993,403.7366378512893,519.0662384387292,288.40703726384936,2,-45,batteries
609.0328398370649,2505.2093724876568,2833.36019595109,942.1990235613704,-286,465,-270,1345,-1893,940,335,-2317,1596,-457,-301,767,1722.4503579592956,2833.36019595109,609.0328398370649,2224.3273561140254,961.16115421187,-2.5076801304360288,-330.6585035938697,-333.1661837243056,-328.1508234634334,3,-60,empty
2007.324089428511,1726.212906915019,3088.1143113557177,517.9082930403799,-585,1330,1385,555,415,1581,1620,-1871,1847,273,160,-410,1834.8899001849068,3088.1143113557177,517.9082930403799,2570.206018315338,914.6797549959342,1425.658600414415,63.75719597371608,1489.415796388131,-1361.9014044406988,3,-64,scissors
14511.5504340508,1068.893820732443,4876.828580132789,7074.967985793292,-7550,-9560,-7886,-197,35,1050,1622,-4123,-2038,2992,-6192,-1662,6883.060205177331,14511.5504340508,1068.893820732443,13442.65661331836,4900.514969052149,5622.258603828928,1814.3238444285817,7436.582448257509,-3807.9347594003466,1,-68,magnet
1830.265008134068,3395.6349921627325,3091.0999660315097,1288.2406607462754,678,1615,-531,1111,-2696,1740,-351,-2043,2293,-6,-342,1242,2401.3101567686463,3395.6349921627325,1288.2406607462754,2107.394331416457,870.2741125643915,118.74466062828468,423.279686759508,542.0243473877927,304.5350261312228,2,-44,batteries
2510.1053762740717,3827.129080655629,4643.372265929149,1582.460742009103,2252,1105,90,1391,-3206,1560,-3931,-2471,-48,-918,-237,1267,3140.766866216988,4643.372265929149,1582.460742009103,3060.9115239200464,1178.4489772890124,871.9439097692448,55.70072449572445,927.644634264969,-816.2431852735199,3,-72,keys
1217.441990404471,2817.7727019758,4152.357763969767,1019.59746959278,-906,240,777,2115,-1617,923,2535,-2775,1765,-903,-311,357,2301.7924814857047,4152.357763969767,1019.59746959278,3132.760294376987,1275.8004829031397,766.2147914028287,-568.3702705911378,197.84452081169093,-1334.585061993967,3,-60,Knife
15090.64852814484,1004.8805899210116,4966.051550276135,12270.973596255517,-8010,-12222,-3767,428,320,851,3152,-3658,-1160,4392,-9477,-6440,8333.138566149375,15090.64852814484,1004.8805899210116,14085.767938223828,5617.186251794927,3390.422946122224,-570.7480142329005,2819.6749318893235,-3961.170960355123,1,-67,magnet
4618.881466329267,3666.2037586582665,4228.084317986102,1994.1258736599352,4521,535,780,1248,-3111,1485,-2141,-2560,2596,-1508,-765,1057,3626.823854158393,4618.881466329267,1994.1258736599352,2624.7555926693317,1001.6169332173166,1593.3180759985837,1031.4375166707478,2624.7555926693317,-561.8805593278357,1,-64,keys
1428.692409163008,1971.422075558656,5116.617339610223,1651.5280802941256,-357,1137,788,1352,-920,1101,4162,-560,2923,-421,-548,-1500,2542.0649761565032,5116.617339610223,1428.692409163008,3687.924930447215,1498.8835535152275,1461.179796460225,-1684.0154675913425,-222.8356711311176,-3145.195264051567,3,-66,scissors
513.9815171774176,2531.963664826176,1695.6305611777584,872.8877361952109,83,482,-158,820,-2058,1226,-57,-1583,605,195,-178,832,1403.615869844141,2531.963664826176,513.9815171774176,2017.9821476487584,779.6734828899057,-597.6196613331053,238.713442315312,-358.9062190177933,836.3331036484174,2,-65,usb
1054.482811619042,2696.0306007165423,10515.87628303034,1333.739479808557,-1017,182,211,1952,-1551,1026,9602,-1505,4015,-811,-396,982,3900.03229379362,10515.87628303034,1054.482811619042,9461.393471411298,3869.8198417196218,3770.2945070621417,-4049.551175251657,-279.25666818951504,-7819.8456823137985,3,-61,Knife
5248.848445135371,1742.830743359779,4910.358337229575,4421.5384200524595,-1483,860,-4961,-133,-1293,1161,363,-1425,-4685,4413,-147,232,4080.893986444296,5248.848445135371,1742.830743359779,3506.0177017755914,1381.548685860466,1997.418809476353,-1170.1087843934424,827.3100250829111,-3167.527593869796,1,-56,screwdriver
19079.86868403449,2002.0664324642175,4719.357689347143,7013.503974476666,5830,-16880,-6717,37,-970,1751,918,-3198,-3347,5533,-4093,-1350,8203.69919508063,19079.86868403449,2002.0664324642175,17077.802251570272,6525.115172671931,7391.827983220374,4674.536726337448,12066.364709557824,-2717.291256882925,1,-69,magnet
619.0613862937988,2504.947704044937,2823.540685026515,934.169684800358,-303,472,-262,1355,-1887,937,342,-2317,1577,-472,-308,745,1720.429865041402,2823.540685026515,619.0613862937988,2204.479298732716,957.0187195001064,1.7423412375094358,-316.85063974406853,-315.1082985065591,-318.59298098157797,3,-61,empty
518.0135133372488,2549.2545969361317,2712.8027941595756,879.2513861234454,125,472,-173,847,-2083,1201,57,-2167,1631,217,-213,825,1664.8305726391004,2712.8027941595756,518.0135133372488,2194.789280822327,976.3165031925688,-98.84483778137655,-262.3930350048204,-361.2378727861966,-163.54819722344382,3,-63,usb
620.7688780858783,2496.7354685669043,2825.9856687534707,942.0562615895084,-291,487,-252,1332,-1890,942,335,-2321,1577,-465,-301,762,1721.3865692489403,2825.9856687534707,620.7688780858783,2205.216790667592,953.9418374352616,3.981408341468295,-325.2687918450981,-321.28738350362994,-329.2502001865664,3,-58,empty
14103.070516735,3505.17060925713,7189.616957807975,1692.07239797829,-177,-3495,13662,1330,-3140,811,696,-3780,6076,-1036,-458,1257,6622.482620444598,14103.070516735,1692.07239797829,12410.998118756708,4751.5107010201755,8047.722233653777,4363.275885102931,12410.998118756708,-3684.4463485508454,1,-58,screwdriver
10967.28539794602,1853.1794300606728,3590.5649973228446,20976.607399672615,-8842,-5672,-3151,603,1128,1341,2725,-2086,-1056,7043,-18572,-6745,9346.909306250538,20976.607399672615,1853.1794300606728,19123.42796961194,7536.029851369159,-4135.968217232213,-5873.353784494385,-10009.322001726596,-1737.385567262172,4,-71,magnet
5571.844488138556,1353.1570492740302,10944.302170536046,2081.3118459279476,241,-4167,-3691,-431,-1232,357,-2691,-9965,-3638,1691,-1093,-527,4987.6538884691445,10944.302170536046,1353.1570492740302,9591.145121262016,3790.756150009998,6540.838881736312,-3050.3062395257043,3490.532642210608,-9591.145121262016,3,-75,magnet
5610.361663921498,2039.736747720156,4611.500840290501,1428.583214237099,-43,47,-5610,-131,-1778,991,-320,-2676,-3742,1360,-225,375,3422.5456165423134,5610.361663921498,1428.583214237099,4181.7784496844,1738.4044416323247,3376.7712711273725,805.0071785570267,4181.7784496844,-2571.7640925703454,1,-58,screwdriver
1110.6412562119235,2148.449906327816,25483.9916418131,727.5589323209496,-276,662,-848,141,-1860,1066,5337,-21481,-12630,383,-162,597,7367.660434168447,25483.9916418131,727.5589323209496,24756.43270949215,10472.378573026705,11859.312029688128,-11476.229705797155,383.0823238909742,-23335.541735485283,3,-64,scissors
3545.0631870250213,1820.895384144844,8152.298694233425,2133.15447166866,-253,810,-3442,-550,-1406,1018,457,-1511,-7998,1898,-150,-962,3912.852934267987,8152.298694233425,1820.895384144844,6331.403310088581,2532.3794472374,3871.656012722471,-2459.7472973661097,1411.9087153563614,-6331.403310088581,3,-62,screwdriver
1802.3922991402287,3447.682264942638,3041.7508116214913,1068.964452168546,632,1587,-575,1160,-2792,1657,-452,-2062,2190,46,-388,995,2340.1974569682257,3447.682264942638,1068.964452168546,2378.7178127740917,951.8360480668126,163.74819682526777,569.6796501464146,733.4278469716826,405.9314533211468,2,-46,batteries
616.7608937019272,2510.4081341487085,2859.984265690985,908.4563831026782,-288,465,-285,1327,-1926,912,315,-2342,1611,-438,-293,740,1723.9024191610745,2859.984265690985,616.7608937019272,2243.2233719890573,974.6778694576966,28.940321070762593,-320.6358104715134,-291.69548940075094,-349.576131542276,3,-65,empty
1783.697844367145,3458.4547127293717,3031.676928698043,1075.7797172283924,632,1565,-577,1162,-2808,1651,-457,-2046,2190,46,-381,1005,2337.402300755738,3458.4547127293717,1075.7797172283924,2382.674995500979,953.5533463953562,140.57017155371204,567.3479555850408,707.9181271387527,426.7777840313288,2,-46,batteries
1195.4597441988583,2781.6631715576204,3622.1365242077777,1211.7829838712871,-1170,232,80,2015,-1656,967,2192,-2600,1247,-653,-347,960,2202.760605958886,3622.1365242077777,1195.4597441988583,2426.676780008919,1042.4068125428007,412.0750564888645,-428.39829616129305,-16.3232396724286,-840.4733526501573,3,-61,Knife
3360.495945541372,4366.744554012749,7191.890850117235,5882.336780566036,2032,497,2630,1355,-4072,807,-1562,-2741,6463,-2531,-230,5305,5200.367032559348,7191.890850117235,3360.495945541372,3831.3949045758623,1458.7067822800725,151.6527305399104,-2673.4935655645754,-2521.840835024665,-2825.1462961044854,3,-59,screwdriver
1119.8490969769095,2752.105194210425,4330.2016119344835,1289.6131202806523,-1083,247,142,1995,-1633,963,2961,-2935,1170,-753,-363,982,2372.9422558506176,4330.2016119344835,1119.8490969769095,3210.352514957574,1296.0008874991493,704.1661972101576,-873.9302205139008,-169.76402330374276,-1578.0964177240585,3,-61,Knife
21947.695140948177,1522.8072760530138,8017.633690809278,5938.903686708516,921,-20440,-7941,-187,-338,1473,2196,-5253,-5645,4823,-2732,-2132,9356.759948629744,21947.695140948177,1522.8072760530138,20424.88786489516,7638.348382583653,11251.80893449796,4756.982519741696,16008.791454239656,-6494.826414756264,1,-68,magnet
6580.498309398765,2508.264938159444,2738.276282627449,694.9776974838833,5918,375,-2853,232,-2260,1063,-1827,-2008,-358,587,-245,280,3130.5043069173853,6580.498309398765,694.9776974838833,5885.520611914882,2143.3194545778056,3057.765978191442,2827.754633723438,5885.520611914882,-230.0113444680046,1,-61,screwdriver
423.0059101241967,2561.2252927065983,2666.110462827826,927.8135588575972,66,337,-247,865,-2081,1217,52,-2135,1596,197,-230,877,1644.5388061290544,2666.110462827826,423.0059101241967,2243.1045527036285,986.1237828668492,-199.96123930608655,-304.8464094273136,-504.80764873340047,-104.88517012122702,3,-63,usb
16893.488094529206,1643.7204750200078,9221.586306053856,4874.258199972586,4762,-13960,-8236,-268,-888,1357,530,-6875,-6123,3960,-2027,-1992,8158.263268893914,16893.488094529206,1643.7204750200078,15249.7676195092,5715.303267143083,9798.547862795234,2220.6820317613856,12019.22989455662,-7577.865831033848,1,-76,magnet
633.5566273033533,2510.6288056978874,2863.130105321796,909.024202098052,-281,487,-292,1342,-1913,918,337,-2331,1628,-452,-286,735,1729.0849351052725,2863.130105321796,633.5566273033533,2229.573478018443,970.76659769071,38.51686241460493,-313.9844372093037,-275.46757479469875,-352.50129962390884,3,-59,empty
2248.8096851445657,3427.374213592674,3845.643379201977,1283.6841511836158,1000,1892,-691,1231,-2733,1662,-488,-2390,2973,-742,-216,1025,2701.377857280708,3845.643379201977,1283.6841511836158,2561.9592280183615,1006.36570002832,691.6973497851263,273.4281841758234,965.12553396095,-418.26916560930295,3,-44,batteries
1095.6778723694297,2753.735826109687,6425.436716675373,1344.281220578492,-1066,185,173,1990,-1600,1031,5843,-2218,1492,-832,-388,982,2904.7829089332454,6425.436716675373,1095.6778723694297,5329.758844305943,2128.7229157335887,1711.5487711783117,-1960.152119387374,-248.60334820906223,-3671.7008905656858,3,-61,Knife
2616.1517540081654,2348.597240907857,7097.774087698199,7599.16771758592,-2467,600,-631,1202,-1452,1401,-1808,-4942,4763,7135,2110,-1545,4915.422700050036,7599.16771758592,2348.597240907857,5250.570476678064,2441.330821464559,-116.9195583937062,-4866.096405184048,-4983.0159635777545,-4749.176846790342,4,-63,scissors
1032.1404943126686,2795.3506041282194,2898.0193236070736,1370.893868977464,-1005,235,-8,2015,-1676,972,1370,-2496,540,-835,-371,1022,2024.1010727563564,2898.0193236070736,1032.1404943126686,1865.878829294405,832.0493358368647,-118.04232759297042,-220.71104707182485,-338.7533746647953,-102.6687194788542,3,-61,Knife
615.9569790172038,2503.0025968823925,2854.1625742063115,937.1574040682814,-283,467,-285,1325,-1911,926,322,-2336,1608,-470,-308,750,1727.5698885435474,2854.1625742063115,615.9569790172038,2238.205595189108,965.7823410052782,14.979776136420696,-336.18020118749814,-321.20042505107756,-351.15997732391907,3,-58,empty
566.7971418417704,2514.141801887873,2613.5328580295295,891.2087297597573,147,547,-21,822,-2053,1196,47,-2076,1587,205,-208,842,1646.4201328797326,2613.5328580295295,566.7971418417704,2046.735716187759,925.2267268341768,-112.51026588816512,-211.9013220298216,-324.4115879179868,-99.39105614165646,3,-63,usb
6097.0463340866945,246.1016050333683,5769.108943329117,6662.531726003262,-2910,-4135,-3407,93,-211,86,2063,-5243,-1240,2276,-5348,-3257,4693.69715211311,6662.531726003262,246.1016050333683,6416.430120969893,2587.629956977094,2478.760973189591,-3044.246365106158,-565.4853919165671,-5523.007338295749,4,-70,magnet
683.1061410937542,2537.5842843145133,2765.98879245741,973.71915869002,-428,515,-135,1451,-1827,998,426,-2253,1547,-485,-298,790,1740.0995941389244,2765.98879245741,683.1061410937542,2082.882651363656,921.0055116434164,-31.10425472668453,-259.50876286958123,-290.61301759626565,-228.4045081428967,3,-57,empty
